Subject,Condition,RC,CE,probeACC,probeRT
1,2,NonRC,NonCE,1,1069.0897
1,3,RC,CE,0,1569.578048
1,2,NonRC,NonCE,0,1886.608696
1,3,RC,CE,0,0
1,3,RC,CE,1,1653.163594
1,3,RC,CE,1,1536.121507
1,2,NonRC,NonCE,1,1819.836908
1,3,RC,CE,0,1769.859401
1,1,RC,NonCE,1,1270.278493
1,4,NonRC,CE,0,2086.826976
1,1,RC,NonCE,1,1719.779246
1,1,RC,NonCE,1,1936.672155
1,1,RC,NonCE,1,1002.111073
1,1,RC,NonCE,1,969.011633
1,1,RC,NonCE,1,1069.04858
1,1,RC,NonCE,1,1719.670415
1,4,NonRC,CE,1,1086.075362
1,4,NonRC,CE,1,2603.99799
1,3,RC,CE,1,1351.203246
1,4,NonRC,CE,1,2721.472309
1,2,NonRC,NonCE,0,2302.624464
1,4,NonRC,CE,0,2554.137662
1,1,RC,NonCE,1,2286.935189
1,1,RC,NonCE,1,802.1942417
1,2,NonRC,NonCE,1,902.0923672
1,2,NonRC,NonCE,1,952.3045409
1,4,NonRC,CE,1,2837.412174
1,1,RC,NonCE,0,1469.563362
1,4,NonRC,CE,0,3454.169044
1,2,NonRC,NonCE,1,969.0057584
1,3,RC,CE,0,2637.777623
1,2,NonRC,NonCE,1,1502.964251
1,1,RC,NonCE,0,2603.850821
1,3,RC,CE,1,1285.924483
1,3,RC,CE,1,2319.22087
1,3,RC,CE,1,1352.496541
1,4,NonRC,CE,1,1319.320116
1,2,NonRC,NonCE,1,885.2677874
1,2,NonRC,NonCE,1,802.1896039
1,3,RC,CE,0,2820.855343
1,3,RC,CE,0,2452.729817
1,1,RC,NonCE,1,1469.498744
1,2,NonRC,NonCE,1,1518.452251
1,3,RC,CE,0,2035.516908
1,2,NonRC,NonCE,1,835.6374879
1,2,NonRC,NonCE,0,884.4868019
1,3,RC,CE,0,1936.583729
1,3,RC,CE,1,2153.244135
1,1,RC,NonCE,1,1102.41886
1,4,NonRC,CE,1,2887.551691
1,2,NonRC,NonCE,1,769.3826472
1,4,NonRC,CE,1,1219.210821
1,4,NonRC,CE,1,2253.704966
1,2,NonRC,NonCE,1,752.0324639
1,4,NonRC,CE,1,1853.812869
1,1,RC,NonCE,1,1203.193198
1,3,RC,CE,1,2320.332985
1,3,RC,CE,1,1285.815961
1,2,NonRC,NonCE,0,1552.666589
1,3,RC,CE,0,1569.560734
1,3,RC,CE,1,2320.675865
1,4,NonRC,CE,1,2070.62972
1,1,RC,NonCE,0,1485.979517
1,3,RC,CE,1,1870.000232
1,1,RC,NonCE,1,1319.025778
1,3,RC,CE,1,1687.424927
1,1,RC,NonCE,1,1052.406725
1,3,RC,CE,1,1302.668986
1,1,RC,NonCE,1,836.0088116
1,1,RC,NonCE,1,818.7767344
1,4,NonRC,CE,1,884.5594588
1,3,RC,CE,1,869.5658357
1,2,NonRC,NonCE,1,617.4695266
1,3,RC,CE,1,1284.998184
1,2,NonRC,NonCE,1,1619.566377
1,2,NonRC,NonCE,1,1052.251517
1,1,RC,NonCE,0,1719.671961
1,4,NonRC,CE,1,1303.896116
1,4,NonRC,CE,1,1101.253565
1,4,NonRC,CE,1,1053.037758
1,1,RC,NonCE,1,2421.663536
1,2,NonRC,NonCE,1,1018.950184
1,4,NonRC,CE,1,2520.223227
1,3,RC,CE,1,1636.489275
1,2,NonRC,NonCE,1,1201.624734
1,2,NonRC,NonCE,1,1119.390609
1,2,NonRC,NonCE,1,1019.008928
1,2,NonRC,NonCE,1,1868.841739
1,2,NonRC,NonCE,1,1051.157333
1,3,RC,CE,0,1753.113971
1,3,RC,CE,1,834.3890239
1,4,NonRC,CE,0,1069.096503
1,4,NonRC,CE,1,969.0957295
1,3,RC,CE,1,1019.002126
1,3,RC,CE,1,969.0224542
1,4,NonRC,CE,1,968.875285
1,2,NonRC,NonCE,1,1202.595246
1,1,RC,NonCE,1,969.0274012
1,3,RC,CE,0,934.6352851
1,1,RC,NonCE,1,1301.54172
1,4,NonRC,CE,1,1052.46114
1,2,NonRC,NonCE,1,2570.595865
1,1,RC,NonCE,1,885.4678262
1,1,RC,NonCE,1,984.6656618
1,4,NonRC,CE,1,935.1602704
1,2,NonRC,NonCE,1,667.8576232
1,1,RC,NonCE,1,1152.469024
1,4,NonRC,CE,1,1119.124406
1,1,RC,NonCE,1,919.3089856
1,2,NonRC,NonCE,1,1085.682087
1,1,RC,NonCE,1,1435.332638
1,2,NonRC,NonCE,1,2403.78342
1,3,RC,CE,0,2069.22172
1,2,NonRC,NonCE,1,902.2617971
1,3,RC,CE,1,1152.516019
1,2,NonRC,NonCE,1,1486.176155
1,4,NonRC,CE,1,885.4631884
1,2,NonRC,NonCE,1,1301.588715
1,4,NonRC,CE,1,1202.623691
1,1,RC,NonCE,1,969.0542994
1,1,RC,NonCE,1,1035.716019
1,2,NonRC,NonCE,1,1753.028019
1,3,RC,CE,1,1119.097507
1,4,NonRC,CE,1,1619.759923
1,3,RC,CE,1,1369.390068
1,4,NonRC,CE,1,1286.074126
1,2,NonRC,NonCE,1,1903.15687
1,4,NonRC,CE,1,985.6633816
1,3,RC,CE,1,1869.7903
1,4,NonRC,CE,1,902.2633429
1,3,RC,CE,1,801.1285025
1,4,NonRC,CE,1,868.9969468
1,4,NonRC,CE,1,2003.354589
1,4,NonRC,CE,1,1469.464116
1,4,NonRC,CE,1,1819.857314
1,4,NonRC,CE,1,1586.289778
1,1,RC,NonCE,0,1895.30713
1,2,NonRC,NonCE,1,1219.249469
1,2,NonRC,NonCE,1,785.4379904
1,3,RC,CE,1,835.6010048
1,1,RC,NonCE,1,1635.279768
1,1,RC,NonCE,1,802.0334686
1,4,NonRC,CE,1,984.8653914
1,4,NonRC,CE,1,1069.132676
1,1,RC,NonCE,1,2202.454879
1,1,RC,NonCE,1,968.8542609
1,4,NonRC,CE,1,902.2648889
1,3,RC,CE,1,1652.858435
1,2,NonRC,NonCE,1,768.6947247
1,2,NonRC,NonCE,1,802.1630144
1,1,RC,NonCE,1,1685.502454
1,3,RC,CE,0,1870.032077
1,3,RC,CE,1,1519.419053
1,4,NonRC,CE,1,1352.715749
1,1,RC,NonCE,1,802.1722897
1,4,NonRC,CE,1,852.2205988
1,1,RC,NonCE,1,818.8456811
1,1,RC,NonCE,1,967.9171401
1,2,NonRC,NonCE,1,1919.913739
1,1,RC,NonCE,1,918.9664156
2,3,RC,CE,1,1284.91285
2,3,RC,CE,1,1102.556444
2,2,NonRC,NonCE,1,935.6107439
2,1,RC,NonCE,1,2086.134106
2,1,RC,NonCE,1,1686.545932
2,2,NonRC,NonCE,0,1035.737043
2,1,RC,NonCE,1,935.5501449
2,4,NonRC,CE,1,2887.141102
2,2,NonRC,NonCE,1,1702.948483
2,1,RC,NonCE,1,1503.036908
2,3,RC,CE,1,1402.795285
2,4,NonRC,CE,1,2270.267362
2,3,RC,CE,1,3621.589952
2,3,RC,CE,1,3738.342647
2,2,NonRC,NonCE,1,1184.776348
2,1,RC,NonCE,1,1085.634473
2,1,RC,NonCE,1,2203.467749
2,1,RC,NonCE,1,1569.750261
2,4,NonRC,CE,1,1819.762705
2,2,NonRC,NonCE,1,2953.308444
2,2,NonRC,NonCE,1,1869.848734
2,2,NonRC,NonCE,1,1452.789488
2,4,NonRC,CE,1,2570.659246
2,2,NonRC,NonCE,1,1218.10829
2,2,NonRC,NonCE,1,1552.900638
2,3,RC,CE,1,2620.64943
2,3,RC,CE,0,1319.40514
2,4,NonRC,CE,1,2086.801623
2,4,NonRC,CE,0,1219.255034
2,4,NonRC,CE,1,2270.147092
2,4,NonRC,CE,0,1335.887768
2,3,RC,CE,0,0
2,1,RC,NonCE,1,852.113005
2,1,RC,NonCE,1,1035.65913
2,1,RC,NonCE,1,551.9233237
2,4,NonRC,CE,0,818.7822995
2,3,RC,CE,0,1886.694957
2,1,RC,NonCE,0,1169.100986
2,3,RC,CE,1,1235.857005
2,1,RC,NonCE,1,1903.25457
2,1,RC,NonCE,0,1069.037759
2,3,RC,CE,1,1786.385005
2,2,NonRC,NonCE,1,1619.589256
2,1,RC,NonCE,1,1085.815343
2,4,NonRC,CE,1,3253.300251
2,2,NonRC,NonCE,1,1251.631923
2,3,RC,CE,0,1569.632773
2,3,RC,CE,1,1719.703188
2,2,NonRC,NonCE,1,2753.521159
2,4,NonRC,CE,1,1719.723594
2,3,RC,CE,1,1269.229449
2,3,RC,CE,0,1984.959382
2,2,NonRC,NonCE,1,1051.362319
2,3,RC,CE,0,1736.472116
2,4,NonRC,CE,1,3037.751962
2,2,NonRC,NonCE,1,1135.741527
2,1,RC,NonCE,1,2403.797643
2,4,NonRC,CE,1,2103.402976
2,3,RC,CE,0,3704.98999
2,1,RC,NonCE,0,3321.178899
2,3,RC,CE,0,1903.162435
2,3,RC,CE,0,2052.425585
2,1,RC,NonCE,1,3887.422145
2,1,RC,NonCE,1,1002.32657
2,4,NonRC,CE,0,1602.376039
2,3,RC,CE,0,2336.883942
2,2,NonRC,NonCE,1,2035.713855
2,2,NonRC,NonCE,1,818.8679421
2,1,RC,NonCE,1,1302.612406
2,2,NonRC,NonCE,1,1619.715092
2,2,NonRC,NonCE,1,2437.075169
2,1,RC,NonCE,0,1869.77144
2,4,NonRC,CE,1,1636.239768
2,2,NonRC,NonCE,1,852.224
2,2,NonRC,NonCE,1,1352.564251
2,3,RC,CE,1,2737.331633
2,3,RC,CE,0,1436.118879
2,1,RC,NonCE,1,1119.025778
2,4,NonRC,CE,0,2120.025044
2,3,RC,CE,1,1501.750106
2,4,NonRC,CE,1,1185.958029
2,3,RC,CE,1,1536.183961
2,3,RC,CE,1,1334.942918
2,4,NonRC,CE,0,1635.188251
2,3,RC,CE,1,1135.835208
2,2,NonRC,NonCE,1,2320.37287
2,1,RC,NonCE,1,1402.674396
2,2,NonRC,NonCE,1,1152.358338
2,1,RC,NonCE,1,1002.266589
2,4,NonRC,CE,0,985.6185506
2,3,RC,CE,0,802.1373525
2,2,NonRC,NonCE,0,1686.260251
2,4,NonRC,CE,0,1302.677024
2,2,NonRC,NonCE,1,802.2758649
2,4,NonRC,CE,1,1135.895498
2,3,RC,CE,1,1202.503111
2,3,RC,CE,0,1436.154744
2,2,NonRC,NonCE,1,835.5830724
2,4,NonRC,CE,1,983.948058
2,4,NonRC,CE,0,2120.043903
2,2,NonRC,NonCE,1,734.0880386
2,1,RC,NonCE,1,1586.436638
2,3,RC,CE,0,1436.020251
2,1,RC,NonCE,0,1269.322512
2,1,RC,NonCE,1,1001.138087
2,4,NonRC,CE,0,1052.374879
2,4,NonRC,CE,1,1953.337817
2,1,RC,NonCE,1,1419.457237
2,3,RC,CE,1,851.3292368
2,2,NonRC,NonCE,1,1135.701024
2,3,RC,CE,1,1202.569585
2,2,NonRC,NonCE,1,1085.851517
2,1,RC,NonCE,0,1418.387478
2,3,RC,CE,1,2086.705778
2,2,NonRC,NonCE,0,2437.04085
2,4,NonRC,CE,0,1618.408812
2,2,NonRC,NonCE,1,1636.261102
2,3,RC,CE,1,2120.117179
2,1,RC,NonCE,1,1336.021024
2,1,RC,NonCE,1,2554.081701
2,2,NonRC,NonCE,1,2019.040464
2,1,RC,NonCE,0,952.3036135
2,2,NonRC,NonCE,0,1686.394744
2,3,RC,CE,0,1319.286725
2,3,RC,CE,0,834.7526183
2,4,NonRC,CE,1,1435.986242
2,2,NonRC,NonCE,1,802.0931401
2,4,NonRC,CE,1,1118.075672
2,3,RC,CE,0,868.8661642
2,1,RC,NonCE,1,1302.604367
2,2,NonRC,NonCE,1,685.3401354
2,4,NonRC,CE,0,1002.445295
2,1,RC,NonCE,1,1002.426744
2,4,NonRC,CE,1,1034.699749
2,4,NonRC,CE,1,635.340367
2,1,RC,NonCE,1,1301.627672
2,4,NonRC,CE,0,967.9078646
2,1,RC,NonCE,0,1235.883594
2,4,NonRC,CE,1,2086.648889
2,2,NonRC,NonCE,1,1569.537546
2,3,RC,CE,1,1836.514937
2,4,NonRC,CE,1,1352.696271
2,4,NonRC,CE,1,634.3191497
2,1,RC,NonCE,1,735.3736039
2,2,NonRC,NonCE,1,1586.189604
2,4,NonRC,CE,0,851.3984927
2,3,RC,CE,0,685.3401354
2,1,RC,NonCE,1,1769.835903
2,3,RC,CE,1,1269.239961
2,4,NonRC,CE,1,1719.849739
2,1,RC,NonCE,1,767.5934299
2,1,RC,NonCE,1,918.879227
2,1,RC,NonCE,1,768.6294878
2,4,NonRC,CE,1,901.0408502
2,2,NonRC,NonCE,1,1268.171749
2,2,NonRC,NonCE,1,952.2077681
2,2,NonRC,NonCE,1,1968.97113
2,2,NonRC,NonCE,1,1636.472889
2,4,NonRC,CE,1,852.1550531
2,4,NonRC,CE,0,818.7421062
3,1,RC,NonCE,1,1435.081585
3,3,RC,CE,0,1819.740754
3,1,RC,NonCE,1,1536.196947
3,3,RC,CE,0,3184.072348
3,4,NonRC,CE,1,1219.34315
3,3,RC,CE,1,1953.41171
3,3,RC,CE,1,1719.731324
3,2,NonRC,NonCE,1,1468.486493
3,2,NonRC,NonCE,1,852.1266086
3,2,NonRC,NonCE,1,1068.936657
3,3,RC,CE,1,2086.742261
3,4,NonRC,CE,0,1569.536927
3,3,RC,CE,0,1284.914087
3,4,NonRC,CE,0,1336.263111
3,1,RC,NonCE,1,1285.907169
3,1,RC,NonCE,1,1219.224425
3,1,RC,NonCE,1,2036.695498
3,3,RC,CE,0,1419.424773
3,4,NonRC,CE,1,1369.422222
3,3,RC,CE,1,1436.092599
3,2,NonRC,NonCE,1,1002.314512
3,2,NonRC,NonCE,1,1402.945546
3,4,NonRC,CE,0,1352.778512
3,1,RC,NonCE,1,952.2866088
3,4,NonRC,CE,1,969.0688308
3,1,RC,NonCE,1,1119.068444
3,2,NonRC,NonCE,1,1052.316444
3,3,RC,CE,1,885.546976
3,3,RC,CE,1,667.6671691
3,1,RC,NonCE,0,1035.756213
3,2,NonRC,NonCE,1,1002.449623
3,3,RC,CE,1,784.3104154
3,3,RC,CE,1,1052.508753
3,4,NonRC,CE,1,802.2876137
3,2,NonRC,NonCE,1,1269.289121
3,2,NonRC,NonCE,1,1102.497391
3,3,RC,CE,1,1502.455034
3,2,NonRC,NonCE,1,934.5595364
3,4,NonRC,CE,1,1502.420406
3,3,RC,CE,0,1753.068831
3,4,NonRC,CE,1,768.748831
3,3,RC,CE,0,885.548831
3,2,NonRC,NonCE,1,1235.819594
3,3,RC,CE,1,1134.854802
3,4,NonRC,CE,1,918.8616038
3,4,NonRC,CE,1,1235.880193
3,2,NonRC,NonCE,0,1269.164831
3,3,RC,CE,0,1886.532947
3,1,RC,NonCE,0,1903.372058
3,1,RC,NonCE,1,752.2272465
3,4,NonRC,CE,0,1119.186242
3,1,RC,NonCE,1,785.5576423
3,2,NonRC,NonCE,1,1584.760889
3,1,RC,NonCE,1,1085.755053
3,2,NonRC,NonCE,1,985.6596715
3,1,RC,NonCE,1,1252.525758
3,2,NonRC,NonCE,1,1336.034937
3,2,NonRC,NonCE,0,2153.535691
3,2,NonRC,NonCE,1,902.1650241
3,1,RC,NonCE,1,1117.83544
3,3,RC,CE,1,1102.346203
3,1,RC,NonCE,1,1502.831614
3,3,RC,CE,1,1152.543536
3,2,NonRC,NonCE,1,1002.298126
3,4,NonRC,CE,1,2754.054802
3,3,RC,CE,1,1151.456155
3,3,RC,CE,1,1202.53001
3,4,NonRC,CE,1,1919.941874
3,4,NonRC,CE,1,1252.578319
3,1,RC,NonCE,0,1786.542068
3,1,RC,NonCE,1,1603.021604
3,2,NonRC,NonCE,1,1669.665082
3,2,NonRC,NonCE,1,1285.014879
3,3,RC,CE,0,1536.200966
3,3,RC,CE,0,952.967111
3,1,RC,NonCE,1,2120.017623
3,1,RC,NonCE,1,2253.713932
3,4,NonRC,CE,1,2553.937932
3,1,RC,NonCE,1,935.5912656
3,4,NonRC,CE,1,1736.366686
3,3,RC,CE,1,1835.538551
3,1,RC,NonCE,1,1235.875247
3,3,RC,CE,1,1619.565758
3,4,NonRC,CE,1,1052.274396
3,1,RC,NonCE,1,1402.798995
3,4,NonRC,CE,1,1119.039072
3,3,RC,CE,1,1103.04
3,4,NonRC,CE,0,1802.050783
3,3,RC,CE,1,1518.458744
3,4,NonRC,CE,1,1502.995169
3,3,RC,CE,0,1619.664696
3,2,NonRC,NonCE,1,1252.539053
3,4,NonRC,CE,1,1352.645874
3,1,RC,NonCE,1,1703.150377
3,1,RC,NonCE,1,918.9512657
3,1,RC,NonCE,0,1536.253527
3,2,NonRC,NonCE,1,1302.772251
3,3,RC,CE,1,1719.598686
3,4,NonRC,CE,1,1269.362396
3,2,NonRC,NonCE,1,1119.072154
3,2,NonRC,NonCE,1,1219.200618
3,4,NonRC,CE,1,1885.23285
3,4,NonRC,CE,1,1369.334725
3,3,RC,CE,0,1403.485063
3,4,NonRC,CE,1,952.4538745
3,2,NonRC,NonCE,0,1552.86972
3,4,NonRC,CE,1,919.3262996
3,1,RC,NonCE,1,1184.763053
3,2,NonRC,NonCE,1,1302.673005
3,4,NonRC,CE,1,1318.722473
3,3,RC,CE,0,0
3,2,NonRC,NonCE,1,1084.746512
3,1,RC,NonCE,1,835.6099711
3,2,NonRC,NonCE,1,1269.272116
3,1,RC,NonCE,1,1202.523208
3,4,NonRC,CE,1,1135.749874
3,1,RC,NonCE,1,1386.097778
3,1,RC,NonCE,1,1586.337082
3,1,RC,NonCE,0,785.4775651
3,3,RC,CE,1,1769.769739
3,1,RC,NonCE,0,1335.878802
3,2,NonRC,NonCE,1,1351.120696
3,1,RC,NonCE,1,1034.692638
3,3,RC,CE,1,2036.699208
3,4,NonRC,CE,1,1434.811981
3,4,NonRC,CE,1,1151.465739
3,2,NonRC,NonCE,1,1336.029681
3,2,NonRC,NonCE,1,1936.985353
3,2,NonRC,NonCE,1,1102.573449
3,4,NonRC,CE,1,1202.509913
3,2,NonRC,NonCE,1,1519.603014
3,3,RC,CE,1,1168.062145
3,2,NonRC,NonCE,1,768.6956523
3,3,RC,CE,1,2337.001739
3,2,NonRC,NonCE,1,1786.370473
3,4,NonRC,CE,0,1401.724908
3,4,NonRC,CE,1,968.9739132
3,3,RC,CE,1,1636.218126
3,3,RC,CE,1,735.4215265
3,2,NonRC,NonCE,0,1202.487961
3,3,RC,CE,0,1219.192889
3,1,RC,NonCE,1,852.1915362
3,4,NonRC,CE,1,735.737198
3,4,NonRC,CE,1,1319.356908
3,1,RC,NonCE,1,2353.752116
3,1,RC,NonCE,1,1052.316135
3,2,NonRC,NonCE,1,1019.073855
3,1,RC,NonCE,1,1753.20085
3,3,RC,CE,1,1953.471691
3,2,NonRC,NonCE,1,1653.000966
3,4,NonRC,CE,0,1135.735343
3,2,NonRC,NonCE,1,1168.200039
3,4,NonRC,CE,1,1835.355208
3,1,RC,NonCE,0,1234.984193
3,4,NonRC,CE,1,1085.768348
3,1,RC,NonCE,1,1069.080116
3,2,NonRC,NonCE,1,1352.725024
3,4,NonRC,CE,1,1669.901295
3,3,RC,CE,0,2086.814299
3,1,RC,NonCE,1,1169.089546
6,3,RC,CE,1,1119.126371
6,4,NonRC,CE,1,1351.634877
6,1,RC,NonCE,0,2103.349584
6,3,RC,CE,0,1369.534797
6,4,NonRC,CE,1,1185.835457
6,1,RC,NonCE,0,1402.746499
6,4,NonRC,CE,0,1536.156323
6,2,NonRC,NonCE,1,1919.88522
6,3,RC,CE,1,2103.467072
6,3,RC,CE,1,1185.856482
6,2,NonRC,NonCE,0,2036.407377
6,3,RC,CE,0,1669.638496
6,1,RC,NonCE,1,1485.115812
6,4,NonRC,CE,1,1569.632683
6,1,RC,NonCE,1,2136.781112
6,3,RC,CE,1,2119.134719
6,1,RC,NonCE,1,1935.542974
6,1,RC,NonCE,1,1619.480381
6,1,RC,NonCE,1,1269.001525
6,1,RC,NonCE,1,1502.820949
6,3,RC,CE,0,1970.030967
6,4,NonRC,CE,1,1686.496173
6,3,RC,CE,1,1235.579581
6,2,NonRC,NonCE,1,1035.815917
6,1,RC,NonCE,1,1369.328574
6,2,NonRC,NonCE,1,1636.237576
6,2,NonRC,NonCE,1,2203.566256
6,3,RC,CE,0,2704.57047
6,4,NonRC,CE,1,2971.044765
6,3,RC,CE,1,1636.265402
6,3,RC,CE,1,3154.63311
6,3,RC,CE,0,1836.587752
6,2,NonRC,NonCE,1,1152.6859
6,2,NonRC,NonCE,1,1419.364563
6,4,NonRC,CE,1,1886.642291
6,1,RC,NonCE,1,2420.577472
6,2,NonRC,NonCE,1,1219.221227
6,2,NonRC,NonCE,1,1719.724571
6,4,NonRC,CE,1,1119.239222
6,3,RC,CE,1,1986.679331
6,1,RC,NonCE,1,1936.532965
6,2,NonRC,NonCE,1,1486.213089
6,3,RC,CE,0,2070.156123
6,3,RC,CE,1,2070.045437
6,4,NonRC,CE,1,1502.950805
6,1,RC,NonCE,0,2670.6424
6,2,NonRC,NonCE,1,2053.43603
6,2,NonRC,NonCE,1,1502.046456
6,2,NonRC,NonCE,1,2453.683744
6,4,NonRC,CE,0,2387.018562
6,2,NonRC,NonCE,1,2403.699389
6,2,NonRC,NonCE,1,3021.019227
6,4,NonRC,CE,1,1436.157622
6,1,RC,NonCE,1,2120.081425
6,4,NonRC,CE,1,2819.534364
6,4,NonRC,CE,0,1852.101737
6,3,RC,CE,0,1701.984497
6,1,RC,NonCE,1,3171.22984
6,4,NonRC,CE,1,1786.627203
6,3,RC,CE,1,3205.06763
6,1,RC,NonCE,1,1919.862341
6,4,NonRC,CE,0,2220.231315
6,3,RC,CE,1,1419.696003
6,3,RC,CE,0,2386.019604
6,3,RC,CE,1,1803.202291
6,2,NonRC,NonCE,0,1669.673742
6,3,RC,CE,1,1653.131736
6,4,NonRC,CE,1,2570.531466
6,3,RC,CE,1,2803.062542
6,2,NonRC,NonCE,1,2453.851938
6,1,RC,NonCE,1,2902.756393
6,1,RC,NonCE,1,1603.23055
6,4,NonRC,CE,0,2537.545156
6,1,RC,NonCE,1,1252.572988
6,2,NonRC,NonCE,0,1769.773854
6,1,RC,NonCE,1,1168.008504
6,1,RC,NonCE,1,1969.963876
6,3,RC,CE,0,2236.883389
6,2,NonRC,NonCE,1,3321.253399
6,2,NonRC,NonCE,1,2053.332764
6,3,RC,CE,1,3421.517686
6,1,RC,NonCE,1,1237.744143
6,1,RC,NonCE,0,0
6,2,NonRC,NonCE,1,1269.309467
6,3,RC,CE,1,2353.58456
6,4,NonRC,CE,0,1552.857865
6,1,RC,NonCE,1,1035.722545
6,2,NonRC,NonCE,1,1602.955999
6,4,NonRC,CE,1,1369.839957
6,1,RC,NonCE,1,1736.350055
6,4,NonRC,CE,0,1819.058847
6,4,NonRC,CE,1,1586.288157
6,3,RC,CE,0,1502.772099
6,3,RC,CE,1,1868.775144
6,3,RC,CE,0,1436.216057
6,4,NonRC,CE,1,2253.871849
6,4,NonRC,CE,1,1919.972718
6,1,RC,NonCE,1,2553.803953
6,4,NonRC,CE,1,2837.572178
6,4,NonRC,CE,1,1402.573359
6,1,RC,NonCE,1,1135.889131
6,1,RC,NonCE,1,2420.433395
6,3,RC,CE,1,1586.354012
6,1,RC,NonCE,1,1117.975916
6,4,NonRC,CE,0,1835.445026
6,2,NonRC,NonCE,1,1402.678171
6,2,NonRC,NonCE,1,1753.030573
6,4,NonRC,CE,1,1819.741514
6,1,RC,NonCE,1,1352.882414
6,4,NonRC,CE,1,1919.833278
6,2,NonRC,NonCE,0,2737.317476
6,2,NonRC,NonCE,1,1769.717893
6,1,RC,NonCE,0,2203.51988
6,1,RC,NonCE,1,1836.557452
6,4,NonRC,CE,1,1486.146306
6,2,NonRC,NonCE,1,1352.71453
6,3,RC,CE,0,1452.846797
6,3,RC,CE,1,1402.730113
6,3,RC,CE,0,1653.01363
6,2,NonRC,NonCE,1,1152.338074
6,2,NonRC,NonCE,1,1452.857927
6,1,RC,NonCE,0,2337.128506
6,4,NonRC,CE,1,2203.481851
6,3,RC,CE,0,1369.277869
6,1,RC,NonCE,1,1302.597846
6,3,RC,CE,1,2270.197429
6,4,NonRC,CE,1,1135.856049
6,4,NonRC,CE,0,1986.590905
6,4,NonRC,CE,1,2220.317886
6,4,NonRC,CE,1,1434.996346
6,2,NonRC,NonCE,0,1869.820169
6,1,RC,NonCE,0,2303.720166
6,1,RC,NonCE,1,1319.684934
6,4,NonRC,CE,1,985.6389432
6,2,NonRC,NonCE,0,1302.729556
6,3,RC,CE,1,2420.633743
6,2,NonRC,NonCE,1,1336.032157
6,2,NonRC,NonCE,1,2086.854573
6,4,NonRC,CE,1,1518.44222
6,3,RC,CE,1,952.3579848
6,4,NonRC,CE,1,2053.375122
6,2,NonRC,NonCE,1,1653.111949
6,2,NonRC,NonCE,1,2070.132007
6,2,NonRC,NonCE,1,1219.232358
6,3,RC,CE,1,2303.524146
6,2,NonRC,NonCE,1,1069.057919
6,3,RC,CE,1,2036.783338
6,1,RC,NonCE,1,1502.822495
6,1,RC,NonCE,0,2236.879988
6,1,RC,NonCE,1,1819.930732
6,3,RC,CE,1,1452.843396
6,2,NonRC,NonCE,1,2219.44229
6,4,NonRC,CE,1,1219.123218
6,3,RC,CE,1,1252.661413
6,4,NonRC,CE,0,2120.155319
6,1,RC,NonCE,1,1185.929448
6,2,NonRC,NonCE,1,1918.86462
6,4,NonRC,CE,1,1419.463809
6,1,RC,NonCE,1,1453.092594
6,2,NonRC,NonCE,1,1202.391067
8,2,NonRC,NonCE,0,3388.069152
8,3,RC,CE,1,2720.672205
8,3,RC,CE,1,1953.397135
8,3,RC,CE,1,1885.654155
8,1,RC,NonCE,1,3705.102567
8,1,RC,NonCE,1,1819.628354
8,4,NonRC,CE,1,1369.489348
8,2,NonRC,NonCE,1,3755.051985
8,4,NonRC,CE,0,0
8,4,NonRC,CE,0,0
8,3,RC,CE,1,1302.623199
8,4,NonRC,CE,0,2253.553704
8,3,RC,CE,1,2453.756711
8,4,NonRC,CE,1,1819.818809
8,2,NonRC,NonCE,0,1069.033803
8,3,RC,CE,1,2020.226183
8,1,RC,NonCE,1,2386.953634
8,2,NonRC,NonCE,0,2186.745062
8,3,RC,CE,1,2737.525244
8,4,NonRC,CE,1,1819.823756
8,4,NonRC,CE,1,1269.207747
8,3,RC,CE,1,1185.794337
8,1,RC,NonCE,0,2870.885291
8,2,NonRC,NonCE,1,952.3845742
8,1,RC,NonCE,1,885.4899807
8,1,RC,NonCE,1,1519.460656
8,1,RC,NonCE,1,985.6553297
8,2,NonRC,NonCE,1,1902.917784
8,3,RC,CE,0,2937.707227
8,1,RC,NonCE,1,3071.083969
8,1,RC,NonCE,1,3070.026886
8,1,RC,NonCE,1,2620.632382
8,3,RC,CE,0,0
8,1,RC,NonCE,1,2036.695222
8,3,RC,CE,0,2237.104143
8,2,NonRC,NonCE,0,1034.642892
8,4,NonRC,CE,0,2687.429894
8,4,NonRC,CE,1,1652.97591
8,2,NonRC,NonCE,1,1352.63538
8,2,NonRC,NonCE,1,668.6228424
8,1,RC,NonCE,1,651.944798
8,4,NonRC,CE,1,1369.317135
8,3,RC,CE,1,1202.619859
8,4,NonRC,CE,0,1034.607646
8,3,RC,CE,1,2370.39988
8,1,RC,NonCE,1,902.2193489
8,2,NonRC,NonCE,1,752.0347072
8,4,NonRC,CE,1,2254.1161
8,2,NonRC,NonCE,1,1269.235883
8,1,RC,NonCE,1,2202.813715
8,1,RC,NonCE,0,735.4166434
8,2,NonRC,NonCE,1,1569.602693
8,2,NonRC,NonCE,1,902.3927983
8,3,RC,CE,1,1418.504736
8,4,NonRC,CE,1,2787.459204
8,3,RC,CE,0,0
8,4,NonRC,CE,1,1803.222697
8,1,RC,NonCE,1,2020.024907
8,2,NonRC,NonCE,1,1335.881587
8,3,RC,CE,0,2820.73367
8,2,NonRC,NonCE,1,802.2153915
8,3,RC,CE,1,1686.320869
8,1,RC,NonCE,1,1586.140061
8,3,RC,CE,1,2404.089882
8,3,RC,CE,0,1919.959733
8,2,NonRC,NonCE,1,935.4758821
8,2,NonRC,NonCE,1,1002.320389
8,1,RC,NonCE,1,1686.360443
8,1,RC,NonCE,1,918.8170069
8,3,RC,CE,0,1401.653242
8,2,NonRC,NonCE,1,1503.277916
8,3,RC,CE,1,1218.163835
8,2,NonRC,NonCE,1,1319.207562
8,3,RC,CE,1,1902.164624
8,4,NonRC,CE,0,1786.408304
8,4,NonRC,CE,1,885.5403769
8,3,RC,CE,0,1319.280837
8,4,NonRC,CE,0,2270.265758
8,1,RC,NonCE,1,1119.029908
8,1,RC,NonCE,1,685.3614859
8,3,RC,CE,1,2686.165042
8,2,NonRC,NonCE,1,1486.197011
8,3,RC,CE,0,1352.542627
8,2,NonRC,NonCE,1,1402.823485
8,1,RC,NonCE,1,2036.511261
8,2,NonRC,NonCE,1,1953.185966
8,4,NonRC,CE,1,968.9142127
8,4,NonRC,CE,0,1786.602469
8,3,RC,CE,0,1818.731426
8,4,NonRC,CE,1,1868.809772
8,2,NonRC,NonCE,1,1986.669746
8,2,NonRC,NonCE,1,935.5680175
8,1,RC,NonCE,1,1585.221799
8,3,RC,CE,0,751.4500496
8,1,RC,NonCE,1,1651.995812
8,1,RC,NonCE,1,1819.782944
8,2,NonRC,NonCE,1,1452.790835
8,2,NonRC,NonCE,1,1119.212942
8,4,NonRC,CE,0,0
8,2,NonRC,NonCE,1,1335.941568
8,2,NonRC,NonCE,1,1536.174874
8,4,NonRC,CE,1,1185.833602
8,3,RC,CE,0,1185.778878
8,4,NonRC,CE,1,885.6560099
8,1,RC,NonCE,0,718.5963767
8,3,RC,CE,1,1586.189838
8,4,NonRC,CE,1,1252.605761
8,4,NonRC,CE,1,1569.616606
8,4,NonRC,CE,1,735.3062666
8,2,NonRC,NonCE,1,1386.006619
8,1,RC,NonCE,1,1719.809595
8,1,RC,NonCE,1,667.9049287
8,3,RC,CE,1,1452.751879
8,4,NonRC,CE,1,1369.324555
8,3,RC,CE,1,752.0000792
8,3,RC,CE,1,1068.317126
8,4,NonRC,CE,1,1436.063013
8,4,NonRC,CE,1,1552.76573
8,4,NonRC,CE,1,1986.598326
8,3,RC,CE,1,918.9487171
8,3,RC,CE,0,935.6063557
8,1,RC,NonCE,1,1735.325436
8,1,RC,NonCE,1,752.0229584
8,1,RC,NonCE,1,1052.436764
8,2,NonRC,NonCE,1,1436.436811
8,3,RC,CE,0,2437.202647
8,3,RC,CE,1,1786.418198
8,2,NonRC,NonCE,1,1402.619117
8,2,NonRC,NonCE,1,685.2606935
8,4,NonRC,CE,1,1102.479863
8,4,NonRC,CE,1,618.585308
8,1,RC,NonCE,1,919.5707853
8,4,NonRC,CE,1,1369.370004
8,4,NonRC,CE,1,935.5423556
8,1,RC,NonCE,1,1236.04675
8,4,NonRC,CE,1,1119.130082
8,4,NonRC,CE,1,618.7157816
8,2,NonRC,NonCE,1,2086.768931
8,2,NonRC,NonCE,1,1702.007994
8,2,NonRC,NonCE,1,1886.553866
8,3,RC,CE,0,2754.019946
8,3,RC,CE,1,635.3205506
8,1,RC,NonCE,1,1953.299126
8,1,RC,NonCE,1,1436.029003
8,4,NonRC,CE,0,1569.760065
8,4,NonRC,CE,1,1636.385672
8,1,RC,NonCE,1,1703.027667
8,2,NonRC,NonCE,1,1436.020037
8,4,NonRC,CE,1,1285.72842
8,3,RC,CE,0,1152.985185
8,2,NonRC,NonCE,1,752.0798473
8,1,RC,NonCE,1,1603.028965
8,3,RC,CE,0,1536.335956
8,4,NonRC,CE,1,2687.373932
8,1,RC,NonCE,1,1201.502177
8,1,RC,NonCE,1,1368.593965
8,2,NonRC,NonCE,1,818.8442764
8,2,NonRC,NonCE,1,1786.4553
8,1,RC,NonCE,1,1435.972733
8,2,NonRC,NonCE,1,1569.527253
9,1,RC,NonCE,1,1352.662279
9,4,NonRC,CE,0,1152.450615
9,2,NonRC,NonCE,1,1302.678542
9,4,NonRC,CE,1,2304.171258
9,3,RC,CE,1,935.5760561
9,3,RC,CE,0,1502.75293
9,3,RC,CE,1,1553.010291
9,3,RC,CE,0,1586.277027
9,1,RC,NonCE,1,1335.986708
9,3,RC,CE,0,1152.44103
9,3,RC,CE,1,1453.434855
9,4,NonRC,CE,1,1369.300748
9,1,RC,NonCE,0,1496.861215
9,3,RC,CE,1,1235.887523
9,4,NonRC,CE,0,985.5635035
9,4,NonRC,CE,1,1152.389707
9,3,RC,CE,0,1269.250414
9,1,RC,NonCE,1,1552.886001
9,1,RC,NonCE,1,1203.313966
9,1,RC,NonCE,1,1402.621282
9,3,RC,CE,0,1518.474065
9,4,NonRC,CE,1,1602.97826
9,1,RC,NonCE,0,1319.260741
9,3,RC,CE,1,969.0335558
9,4,NonRC,CE,1,1869.900865
9,3,RC,CE,0,868.8765548
9,2,NonRC,NonCE,1,802.2577489
9,4,NonRC,CE,1,852.2489064
9,2,NonRC,NonCE,1,1785.41182
9,4,NonRC,CE,0,852.3088872
9,2,NonRC,NonCE,1,718.7556038
9,2,NonRC,NonCE,1,1069.135214
9,3,RC,CE,1,1853.175825
9,1,RC,NonCE,0,1452.865038
9,3,RC,CE,1,1118.235936
9,3,RC,CE,0,1586.305781
9,2,NonRC,NonCE,1,1085.706901
9,2,NonRC,NonCE,1,1436.127013
9,1,RC,NonCE,1,1451.717675
9,4,NonRC,CE,1,1152.588509
9,3,RC,CE,0,1519.456946
9,3,RC,CE,0,1369.190681
9,3,RC,CE,1,1769.983168
9,2,NonRC,NonCE,1,1236.003156
9,1,RC,NonCE,1,1753.112815
9,2,NonRC,NonCE,1,1136.492648
9,2,NonRC,NonCE,1,802.2169373
9,4,NonRC,CE,1,1134.685497
9,1,RC,NonCE,1,1102.43194
9,2,NonRC,NonCE,1,1085.728853
9,2,NonRC,NonCE,1,1219.208551
9,3,RC,CE,0,1386.01002
9,4,NonRC,CE,1,1486.119717
9,2,NonRC,NonCE,1,867.7805151
9,4,NonRC,CE,1,1619.603744
9,2,NonRC,NonCE,1,1228.820927
9,1,RC,NonCE,1,1151.670247
9,1,RC,NonCE,1,1486.09189
9,3,RC,CE,1,1552.888474
9,1,RC,NonCE,0,1486.221127
9,1,RC,NonCE,1,1402.794731
9,3,RC,CE,0,1552.868687
9,1,RC,NonCE,1,1352.470897
9,2,NonRC,NonCE,0,1402.603659
9,4,NonRC,CE,0,1035.639067
9,1,RC,NonCE,0,1269.399129
9,4,NonRC,CE,0,1302.825402
9,4,NonRC,CE,1,1169.144118
9,3,RC,CE,0,1519.509506
9,1,RC,NonCE,1,1602.890144
9,1,RC,NonCE,0,1536.16158
9,2,NonRC,NonCE,1,952.3344872
9,3,RC,CE,0,1586.187365
9,1,RC,NonCE,1,1586.36638
9,1,RC,NonCE,1,1069.060083
9,2,NonRC,NonCE,1,684.3263546
9,3,RC,CE,1,1486.114461
9,2,NonRC,NonCE,1,1452.966449
9,3,RC,CE,1,1619.526449
9,2,NonRC,NonCE,0,969.1371309
9,4,NonRC,CE,1,1352.715148
9,2,NonRC,NonCE,0,685.3073796
9,2,NonRC,NonCE,0,1384.96314
9,4,NonRC,CE,0,1618.640033
9,2,NonRC,NonCE,1,1052.441092
9,2,NonRC,NonCE,1,1436.148037
9,1,RC,NonCE,0,868.8255402
9,2,NonRC,NonCE,1,1052.369053
9,4,NonRC,CE,0,1586.196331
9,2,NonRC,NonCE,1,735.4413777
9,2,NonRC,NonCE,1,1002.497548
9,4,NonRC,CE,0,1368.589637
9,3,RC,CE,0,1219.16774
9,1,RC,NonCE,0,1803.080474
9,2,NonRC,NonCE,1,1334.964562
9,1,RC,NonCE,0,1286.015338
9,3,RC,CE,1,1736.672529
9,3,RC,CE,1,1469.432397
9,2,NonRC,NonCE,1,718.7355072
9,4,NonRC,CE,1,1185.796192
9,3,RC,CE,1,1035.726255
9,1,RC,NonCE,1,1636.292919
9,2,NonRC,NonCE,1,1169.116292
9,3,RC,CE,1,1285.917946
9,2,NonRC,NonCE,1,852.1731575
9,3,RC,CE,1,1602.989699
9,1,RC,NonCE,1,1385.552744
9,1,RC,NonCE,1,969.0032562
9,3,RC,CE,1,1002.377896
9,1,RC,NonCE,1,1486.129301
9,4,NonRC,CE,0,1737.0185
9,1,RC,NonCE,0,1369.2284
9,3,RC,CE,0,1302.711315
9,4,NonRC,CE,1,1669.653645
9,4,NonRC,CE,0,1569.742132
9,3,RC,CE,1,1852.209332
9,3,RC,CE,1,1235.848257
9,1,RC,NonCE,1,1035.771396
9,4,NonRC,CE,1,1535.114081
9,3,RC,CE,1,1552.802522
9,2,NonRC,NonCE,1,1102.446472
9,4,NonRC,CE,1,1953.283048
9,2,NonRC,NonCE,1,1335.903229
9,1,RC,NonCE,1,1753.037375
9,1,RC,NonCE,0,852.0460849
9,1,RC,NonCE,1,1369.345579
9,1,RC,NonCE,1,1152.601803
9,2,NonRC,NonCE,0,1636.290136
9,2,NonRC,NonCE,0,1536.176111
9,4,NonRC,CE,1,1736.335833
9,1,RC,NonCE,0,1703.051473
9,4,NonRC,CE,1,1152.443504
9,2,NonRC,NonCE,1,1185.804539
9,4,NonRC,CE,1,985.7307695
9,3,RC,CE,0,1452.724053
9,2,NonRC,NonCE,1,902.1491653
9,4,NonRC,CE,0,1986.713649
9,2,NonRC,NonCE,1,902.2802572
9,2,NonRC,NonCE,1,1085.725142
9,4,NonRC,CE,1,1668.405799
9,1,RC,NonCE,1,1369.378971
9,4,NonRC,CE,0,1386.063508
9,4,NonRC,CE,1,1419.41465
9,1,RC,NonCE,1,2353.81428
9,2,NonRC,NonCE,1,1368.334873
9,1,RC,NonCE,1,934.5755528
9,4,NonRC,CE,1,2486.130847
9,1,RC,NonCE,1,1502.853104
9,1,RC,NonCE,1,1336.033703
9,2,NonRC,NonCE,1,1319.071523
9,4,NonRC,CE,1,1018.942163
9,3,RC,CE,1,1953.213483
9,4,NonRC,CE,0,1669.761549
9,3,RC,CE,1,1319.263523
9,3,RC,CE,1,835.3937024
9,4,NonRC,CE,1,1152.526364
9,4,NonRC,CE,1,1285.866932
9,3,RC,CE,1,1603.037313
9,4,NonRC,CE,1,1002.841355
9,4,NonRC,CE,0,2003.357066
10,1,RC,NonCE,1,1451.79497
10,1,RC,NonCE,1,2787.404788
10,3,RC,CE,0,2503.703965
10,2,NonRC,NonCE,1,1253.676448
10,3,RC,CE,0,2970.904398
10,3,RC,CE,1,3004.272854
10,3,RC,CE,1,2403.687022
10,1,RC,NonCE,1,3654.929922
10,2,NonRC,NonCE,1,1519.556192
10,3,RC,CE,1,2370.759764
10,3,RC,CE,0,2587.369356
10,1,RC,NonCE,0,2320.267737
10,4,NonRC,CE,1,2086.671849
10,3,RC,CE,1,3054.517848
10,1,RC,NonCE,1,1970.383122
10,1,RC,NonCE,0,1787.034701
10,1,RC,NonCE,1,1919.085065
10,4,NonRC,CE,1,2252.572679
10,3,RC,CE,1,3655.110482
10,2,NonRC,NonCE,1,1903.179968
10,3,RC,CE,1,3270.719324
10,2,NonRC,NonCE,0,1235.825996
10,3,RC,CE,0,1569.632683
10,4,NonRC,CE,1,1319.431717
10,1,RC,NonCE,0,1852.204385
10,2,NonRC,NonCE,1,1018.955766
10,4,NonRC,CE,0,1101.432674
10,3,RC,CE,0,1753.138785
10,1,RC,NonCE,1,1135.822966
10,4,NonRC,CE,0,2888.280322
10,4,NonRC,CE,0,1202.579048
10,3,RC,CE,0,1185.786298
10,2,NonRC,NonCE,1,1619.464613
10,4,NonRC,CE,1,2887.58405
10,4,NonRC,CE,1,1819.804277
10,3,RC,CE,1,2136.75947
10,2,NonRC,NonCE,1,1869.820478
10,4,NonRC,CE,0,2053.265054
10,3,RC,CE,1,1601.69764
10,1,RC,NonCE,0,2920.61581
10,3,RC,CE,0,2487.158867
10,1,RC,NonCE,1,2386.022078
10,2,NonRC,NonCE,1,1219.293266
10,3,RC,CE,0,2620.803359
10,4,NonRC,CE,1,1719.817943
10,2,NonRC,NonCE,1,2854.177256
10,1,RC,NonCE,1,2936.779381
10,1,RC,NonCE,0,2620.626817
10,3,RC,CE,0,2003.186399
10,3,RC,CE,0,2804.236495
10,4,NonRC,CE,1,1936.578105
10,2,NonRC,NonCE,1,2838.167966
10,4,NonRC,CE,0,2220.14691
10,1,RC,NonCE,1,1586.32495
10,2,NonRC,NonCE,0,0
10,1,RC,NonCE,1,1602.962183
10,4,NonRC,CE,1,2119.223454
10,4,NonRC,CE,1,1768.956385
10,1,RC,NonCE,0,2420.372796
10,2,NonRC,NonCE,1,1803.240011
10,2,NonRC,NonCE,1,935.6045006
10,2,NonRC,NonCE,0,785.8471442
10,1,RC,NonCE,1,1636.376706
10,2,NonRC,NonCE,1,1337.230535
10,3,RC,CE,1,1753.244525
10,1,RC,NonCE,0,2386.903856
10,2,NonRC,NonCE,1,2186.929951
10,3,RC,CE,0,1786.537541
10,2,NonRC,NonCE,1,3004.34211
10,4,NonRC,CE,0,1268.056056
10,2,NonRC,NonCE,1,1936.715999
10,4,NonRC,CE,1,1635.541923
10,2,NonRC,NonCE,1,1751.626591
10,4,NonRC,CE,1,2320.174674
10,2,NonRC,NonCE,1,2570.457882
10,1,RC,NonCE,0,1853.268888
10,1,RC,NonCE,0,3238.474424
10,3,RC,CE,1,2653.897882
10,3,RC,CE,0,1235.824141
10,3,RC,CE,0,1185.914916
10,3,RC,CE,1,1736.401069
10,1,RC,NonCE,1,2168.982418
10,2,NonRC,NonCE,1,2937.576754
10,4,NonRC,CE,0,0
10,4,NonRC,CE,1,1169.226978
10,3,RC,CE,0,1668.598726
10,3,RC,CE,1,1202.528033
10,1,RC,NonCE,0,2086.775423
10,4,NonRC,CE,0,1753.338206
10,1,RC,NonCE,1,2304.308533
10,1,RC,NonCE,1,2153.718867
10,4,NonRC,CE,1,1602.848405
10,3,RC,CE,0,1468.434676
10,4,NonRC,CE,0,0
10,2,NonRC,NonCE,1,2487.18422
10,4,NonRC,CE,1,1536.197135
10,3,RC,CE,1,2185.784134
10,1,RC,NonCE,1,1052.395334
10,3,RC,CE,0,1903.199446
10,1,RC,NonCE,1,1970.170716
10,4,NonRC,CE,1,2353.808406
10,2,NonRC,NonCE,1,1970.25574
10,2,NonRC,NonCE,1,985.6185375
10,2,NonRC,NonCE,1,935.6097567
10,2,NonRC,NonCE,1,1903.175949
10,2,NonRC,NonCE,1,2170.632506
10,4,NonRC,CE,1,1969.919663
10,1,RC,NonCE,1,1619.569116
10,2,NonRC,NonCE,1,1519.471168
10,2,NonRC,NonCE,1,1486.163002
10,4,NonRC,CE,1,1903.650848
10,4,NonRC,CE,1,1186.441757
10,4,NonRC,CE,1,1853.301043
10,2,NonRC,NonCE,1,2203.426508
10,4,NonRC,CE,1,2603.881062
10,1,RC,NonCE,1,1269.230008
10,3,RC,CE,0,2053.312668
10,4,NonRC,CE,1,1652.889031
10,3,RC,CE,1,2236.932857
10,4,NonRC,CE,1,1352.65053
10,4,NonRC,CE,1,1569.536838
10,2,NonRC,NonCE,1,2136.748958
10,1,RC,NonCE,1,1903.260973
10,2,NonRC,NonCE,1,2119.845831
10,2,NonRC,NonCE,0,1885.506058
10,1,RC,NonCE,1,1586.223848
10,3,RC,CE,1,1936.498646
10,2,NonRC,NonCE,0,1169.225123
10,1,RC,NonCE,1,1486.06561
10,1,RC,NonCE,1,951.2888438
10,1,RC,NonCE,1,2052.348957
10,4,NonRC,CE,1,2186.848946
10,4,NonRC,CE,1,1336.018244
10,4,NonRC,CE,1,2069.999369
10,1,RC,NonCE,1,1936.657564
10,3,RC,CE,1,1201.445597
10,2,NonRC,NonCE,1,1636.309924
10,3,RC,CE,1,2153.43906
10,2,NonRC,NonCE,1,1486.549785
10,3,RC,CE,1,1302.55116
10,2,NonRC,NonCE,1,2153.537997
10,4,NonRC,CE,0,2203.592846
10,3,RC,CE,1,1686.341274
10,3,RC,CE,1,2452.784033
10,3,RC,CE,0,1135.784938
10,3,RC,CE,1,2286.829406
10,1,RC,NonCE,0,2103.319284
10,4,NonRC,CE,1,1619.766681
10,2,NonRC,NonCE,0,2570.634114
10,2,NonRC,NonCE,1,1119.064227
10,3,RC,CE,1,1152.442885
10,2,NonRC,NonCE,1,1969.972842
10,4,NonRC,CE,1,2503.839076
10,1,RC,NonCE,0,0
10,1,RC,NonCE,1,1719.623778
10,1,RC,NonCE,0,1786.407067
10,4,NonRC,CE,1,1286.079647
10,1,RC,NonCE,1,1585.328775
10,4,NonRC,CE,1,1986.668819
10,1,RC,NonCE,1,1368.58098
11,1,RC,NonCE,0,2103.468618
11,2,NonRC,NonCE,1,1269.322144
11,4,NonRC,CE,1,1319.261977
11,3,RC,CE,0,1552.958039
11,2,NonRC,NonCE,0,1436.025912
11,1,RC,NonCE,1,1186.022511
11,3,RC,CE,1,2203.403319
11,3,RC,CE,1,1636.769054
11,4,NonRC,CE,1,1035.836941
11,3,RC,CE,1,1052.36658
11,3,RC,CE,1,1302.571875
11,1,RC,NonCE,1,1119.246642
11,2,NonRC,NonCE,1,2036.589483
11,3,RC,CE,0,1602.878395
11,2,NonRC,NonCE,1,1452.823608
11,3,RC,CE,1,1469.477228
11,3,RC,CE,0,1369.4507
11,1,RC,NonCE,0,1152.375175
11,3,RC,CE,0,1318.276315
11,1,RC,NonCE,1,1536.104072
11,1,RC,NonCE,1,1185.841023
11,3,RC,CE,1,1786.562894
11,1,RC,NonCE,0,3019.882376
11,3,RC,CE,1,1819.823446
11,1,RC,NonCE,0,1436.152675
11,4,NonRC,CE,1,1470.65118
11,4,NonRC,CE,0,2587.223424
11,3,RC,CE,0,2286.866817
11,3,RC,CE,1,1419.42207
11,3,RC,CE,0,1501.84147
11,4,NonRC,CE,1,2320.218268
11,2,NonRC,NonCE,1,1869.83872
11,2,NonRC,NonCE,1,1136.007237
11,4,NonRC,CE,1,2870.348865
11,3,RC,CE,1,1119.075975
11,1,RC,NonCE,1,1136.08144
11,2,NonRC,NonCE,1,1085.76379
11,4,NonRC,CE,1,1753.165066
11,2,NonRC,NonCE,1,1018.976172
11,3,RC,CE,0,2003.531752
11,2,NonRC,NonCE,1,1436.098878
11,1,RC,NonCE,1,868.8712986
11,4,NonRC,CE,0,1219.210715
11,2,NonRC,NonCE,1,1535.124284
11,4,NonRC,CE,1,1352.648366
11,1,RC,NonCE,1,1052.341227
11,4,NonRC,CE,1,2887.553442
11,2,NonRC,NonCE,1,1484.682962
11,3,RC,CE,1,1419.182766
11,2,NonRC,NonCE,1,1235.780238
11,3,RC,CE,0,1552.895276
11,2,NonRC,NonCE,0,2287.056034
11,1,RC,NonCE,0,2820.823022
11,4,NonRC,CE,1,2436.097332
11,2,NonRC,NonCE,1,1202.525251
11,3,RC,CE,0,1302.717189
11,2,NonRC,NonCE,1,902.2743828
11,4,NonRC,CE,1,1586.216428
11,1,RC,NonCE,1,952.3029509
11,4,NonRC,CE,1,2520.578338
11,2,NonRC,NonCE,1,1852.163264
11,1,RC,NonCE,1,1886.004764
11,1,RC,NonCE,1,1436.226878
11,4,NonRC,CE,1,1935.553177
11,2,NonRC,NonCE,1,1302.872706
11,1,RC,NonCE,1,1318.369377
11,1,RC,NonCE,1,1385.870271
11,3,RC,CE,1,1552.883218
11,2,NonRC,NonCE,1,1352.659805
11,4,NonRC,CE,1,1602.752559
11,2,NonRC,NonCE,1,1235.953687
11,1,RC,NonCE,0,2437.098145
11,3,RC,CE,1,1202.580594
11,4,NonRC,CE,1,2252.535577
11,1,RC,NonCE,1,2170.098863
11,3,RC,CE,0,1419.539558
11,4,NonRC,CE,0,1686.441139
11,3,RC,CE,0,2069.993186
11,1,RC,NonCE,1,1135.765459
11,3,RC,CE,1,1302.64546
11,1,RC,NonCE,1,1452.744459
11,2,NonRC,NonCE,0,2387.225403
11,4,NonRC,CE,1,1218.845266
11,1,RC,NonCE,1,818.7394647
11,4,NonRC,CE,1,2103.234878
11,4,NonRC,CE,1,1953.355396
11,3,RC,CE,0,2069.871678
11,3,RC,CE,0,1586.287539
11,1,RC,NonCE,1,1518.676269
11,2,NonRC,NonCE,1,1102.387419
11,2,NonRC,NonCE,1,1684.657485
11,2,NonRC,NonCE,1,1452.80784
11,1,RC,NonCE,1,1851.921177
11,3,RC,CE,0,1636.270967
11,1,RC,NonCE,0,1903.064026
11,1,RC,NonCE,1,1269.241757
11,2,NonRC,NonCE,1,1002.388099
11,4,NonRC,CE,0,1753.051906
11,4,NonRC,CE,1,1185.812887
11,4,NonRC,CE,1,1169.130824
11,3,RC,CE,1,2637.07947
11,1,RC,NonCE,1,1986.320374
11,4,NonRC,CE,1,2337.024622
11,2,NonRC,NonCE,1,1334.949103
11,4,NonRC,CE,1,1536.168072
11,2,NonRC,NonCE,1,1384.477419
11,4,NonRC,CE,0,2487.060858
11,1,RC,NonCE,1,1235.578653
11,1,RC,NonCE,1,1051.126772
11,2,NonRC,NonCE,1,1085.781104
11,2,NonRC,NonCE,1,2086.820254
11,4,NonRC,CE,1,1285.818391
11,3,RC,CE,0,2269.971419
11,3,RC,CE,0,2303.680591
11,3,RC,CE,0,1402.937572
11,1,RC,NonCE,1,1002.303075
11,2,NonRC,NonCE,1,1135.302309
11,1,RC,NonCE,0,0
11,3,RC,CE,0,2070.283814
11,1,RC,NonCE,1,1336.142534
11,2,NonRC,NonCE,1,2420.398767
11,2,NonRC,NonCE,1,2403.686094
11,1,RC,NonCE,1,1819.772432
11,4,NonRC,CE,1,2703.167415
11,2,NonRC,NonCE,1,1820.820858
11,4,NonRC,CE,1,1269.305139
11,4,NonRC,CE,0,2170.326728
11,3,RC,CE,1,1002.304311
11,4,NonRC,CE,1,1786.404903
11,2,NonRC,NonCE,1,2186.60655
11,4,NonRC,CE,1,1235.907311
11,1,RC,NonCE,1,1068.090189
11,4,NonRC,CE,1,2788.28533
11,3,RC,CE,1,1653.047949
11,3,RC,CE,0,1886.022387
11,1,RC,NonCE,1,1218.422618
11,2,NonRC,NonCE,1,1502.859288
11,4,NonRC,CE,0,2203.52359
11,1,RC,NonCE,1,2387.156765
11,2,NonRC,NonCE,1,1685.704056
11,4,NonRC,CE,0,2068.87303
11,4,NonRC,CE,1,1102.107303
11,4,NonRC,CE,1,752.1234415
11,2,NonRC,NonCE,1,1536.758604
11,4,NonRC,CE,1,2268.762529
11,2,NonRC,NonCE,1,1369.524285
11,1,RC,NonCE,1,1452.773831
11,1,RC,NonCE,1,1152.473803
11,1,RC,NonCE,1,2337.156023
11,4,NonRC,CE,1,1469.525769
11,3,RC,CE,1,1235.871137
11,3,RC,CE,1,2086.853955
11,3,RC,CE,1,2587.495502
11,3,RC,CE,0,1152.515233
11,2,NonRC,NonCE,1,1636.341151
11,1,RC,NonCE,1,1085.828717
11,2,NonRC,NonCE,1,1586.208389
11,3,RC,CE,1,1768.737795
11,4,NonRC,CE,1,919.1298961
11,2,NonRC,NonCE,1,1502.529084
13,2,NonRC,NonCE,1,1268.192094
13,4,NonRC,CE,0,1285.937115
13,4,NonRC,CE,1,1135.771025
13,3,RC,CE,0,1369.380207
13,2,NonRC,NonCE,1,1019.07882
13,4,NonRC,CE,1,1219.213498
13,1,RC,NonCE,0,1302.619798
13,2,NonRC,NonCE,0,1302.700803
13,3,RC,CE,0,1986.59678
13,4,NonRC,CE,1,902.6645668
13,2,NonRC,NonCE,1,1034.655568
13,3,RC,CE,1,885.3734202
13,1,RC,NonCE,1,3453.765986
13,3,RC,CE,1,1068.032063
13,1,RC,NonCE,1,2503.83753
13,3,RC,CE,1,1502.780756
13,2,NonRC,NonCE,1,1335.901684
13,4,NonRC,CE,1,2253.511965
13,4,NonRC,CE,1,1802.889093
13,1,RC,NonCE,0,935.5575055
13,4,NonRC,CE,0,2002.316988
13,1,RC,NonCE,1,1185.819998
13,3,RC,CE,0,1853.265487
13,2,NonRC,NonCE,1,1903.218616
13,2,NonRC,NonCE,1,918.943461
13,1,RC,NonCE,1,3271.191131
13,3,RC,CE,1,1986.629244
13,3,RC,CE,1,1035.582178
13,3,RC,CE,1,2053.510542
13,3,RC,CE,1,1935.505873
13,3,RC,CE,1,1069.048953
13,1,RC,NonCE,1,1552.817981
13,1,RC,NonCE,1,1019.04481
13,3,RC,CE,1,918.708485
13,2,NonRC,NonCE,1,1486.126209
13,1,RC,NonCE,1,1018.936288
13,1,RC,NonCE,0,1451.763743
13,4,NonRC,CE,1,935.6338728
13,2,NonRC,NonCE,1,1102.499341
13,2,NonRC,NonCE,1,1336.082862
13,3,RC,CE,1,1169.125877
13,4,NonRC,CE,0,1818.742557
13,4,NonRC,CE,0,1819.869514
13,3,RC,CE,1,1786.479106
13,4,NonRC,CE,1,2387.003721
13,4,NonRC,CE,1,1269.393873
13,2,NonRC,NonCE,1,1219.120126
13,3,RC,CE,1,1152.429591
13,2,NonRC,NonCE,1,1102.31167
13,4,NonRC,CE,1,1435.022626
13,2,NonRC,NonCE,1,1569.619388
13,1,RC,NonCE,1,1201.498158
13,2,NonRC,NonCE,1,1052.234251
13,4,NonRC,CE,1,1603.029893
13,3,RC,CE,0,1152.457726
13,1,RC,NonCE,1,851.1228764
13,1,RC,NonCE,1,1069.009687
13,2,NonRC,NonCE,0,1569.495098
13,1,RC,NonCE,1,1469.452493
13,2,NonRC,NonCE,1,1652.927678
13,1,RC,NonCE,1,852.453583
13,2,NonRC,NonCE,1,1035.608767
13,1,RC,NonCE,1,1319.255794
13,3,RC,CE,1,2470.38034
13,3,RC,CE,1,1903.184606
13,3,RC,CE,0,1319.288567
13,1,RC,NonCE,1,2069.422132
13,3,RC,CE,1,1235.935446
13,3,RC,CE,1,968.9166861
13,1,RC,NonCE,1,768.7198628
13,3,RC,CE,1,1319.186538
13,2,NonRC,NonCE,1,1302.656899
13,2,NonRC,NonCE,0,1252.65863
13,4,NonRC,CE,0,1970.014272
13,4,NonRC,CE,1,1219.266986
13,4,NonRC,CE,1,1302.659063
13,1,RC,NonCE,1,1336.006804
13,1,RC,NonCE,1,918.9836544
13,1,RC,NonCE,1,1969.900494
13,3,RC,CE,1,1336.03865
13,2,NonRC,NonCE,1,835.4954224
13,3,RC,CE,1,984.604121
13,2,NonRC,NonCE,1,967.9019606
13,1,RC,NonCE,0,601.8151282
13,4,NonRC,CE,1,1085.91436
13,2,NonRC,NonCE,1,1369.323937
13,1,RC,NonCE,1,985.593803
13,3,RC,CE,1,1035.81128
13,2,NonRC,NonCE,1,1586.298051
13,4,NonRC,CE,1,1101.364345
13,3,RC,CE,1,1452.831956
13,2,NonRC,NonCE,1,1085.829954
13,2,NonRC,NonCE,1,1402.86306
13,1,RC,NonCE,1,1018.958858
13,2,NonRC,NonCE,1,1335.073393
13,4,NonRC,CE,0,1269.374086
13,1,RC,NonCE,1,1536.170546
13,2,NonRC,NonCE,1,918.8547266
13,3,RC,CE,0,1002.303384
13,1,RC,NonCE,0,1369.398449
13,2,NonRC,NonCE,1,818.8495325
13,3,RC,CE,0,1302.638658
13,3,RC,CE,1,1019.07882
13,4,NonRC,CE,1,835.4864562
13,1,RC,NonCE,1,1069.106151
13,2,NonRC,NonCE,1,852.2427228
13,3,RC,CE,1,935.5098918
13,4,NonRC,CE,1,751.0372957
13,2,NonRC,NonCE,1,1234.380894
13,4,NonRC,CE,1,1019.055322
13,3,RC,CE,1,1286.051203
13,3,RC,CE,0,1286.02956
13,1,RC,NonCE,1,1736.488876
13,1,RC,NonCE,1,1102.39824
13,4,NonRC,CE,1,1169.155249
13,1,RC,NonCE,1,1136.014348
13,4,NonRC,CE,0,1369.312497
13,2,NonRC,NonCE,1,1052.367817
13,3,RC,CE,1,1953.349522
13,1,RC,NonCE,1,1752.979868
13,4,NonRC,CE,1,885.5821162
13,1,RC,NonCE,0,1218.278231
13,4,NonRC,CE,1,1152.533475
13,2,NonRC,NonCE,1,1902.261706
13,3,RC,CE,0,1636.110812
13,2,NonRC,NonCE,1,868.883975
13,1,RC,NonCE,1,1436.130105
13,2,NonRC,NonCE,1,802.1356233
13,1,RC,NonCE,0,1068.974132
13,4,NonRC,CE,0,985.7307693
13,3,RC,CE,1,1869.822643
13,4,NonRC,CE,1,2086.719462
13,4,NonRC,CE,1,1235.851349
13,4,NonRC,CE,1,1235.882267
13,2,NonRC,NonCE,1,1236.185572
13,2,NonRC,NonCE,1,1619.508517
13,1,RC,NonCE,1,818.9583635
13,1,RC,NonCE,1,1119.348053
13,2,NonRC,NonCE,1,1019.075419
13,4,NonRC,CE,1,1653.195118
13,4,NonRC,CE,0,1269.215168
13,4,NonRC,CE,1,1418.361277
13,3,RC,CE,0,1636.215315
13,4,NonRC,CE,1,1369.396285
13,3,RC,CE,1,1519.86568
13,1,RC,NonCE,1,1219.233595
13,2,NonRC,NonCE,1,1636.398967
13,3,RC,CE,1,1185.885544
13,4,NonRC,CE,1,1369.272304
13,4,NonRC,CE,1,1669.643752
13,4,NonRC,CE,1,1352.664443
13,2,NonRC,NonCE,1,1185.781042
13,1,RC,NonCE,1,885.7085704
13,3,RC,CE,1,1818.746576
13,4,NonRC,CE,1,2253.625433
13,1,RC,NonCE,1,1502.981104
13,2,NonRC,NonCE,1,2120.68587
13,3,RC,CE,0,1818.371542
13,4,NonRC,CE,1,1801.505207
13,1,RC,NonCE,1,885.5069856
16,2,NonRC,NonCE,1,3286.964827
16,3,RC,CE,0,1251.314011
16,3,RC,CE,1,2086.761201
16,1,RC,NonCE,0,985.6036968
16,4,NonRC,CE,0,2103.387304
16,4,NonRC,CE,0,2820.839409
16,2,NonRC,NonCE,1,1052.312474
16,2,NonRC,NonCE,0,868.8861392
16,4,NonRC,CE,0,2236.716123
16,1,RC,NonCE,1,2470.558118
16,3,RC,CE,0,2337.04781
16,3,RC,CE,0,3070.319988
16,3,RC,CE,1,2053.277112
16,4,NonRC,CE,1,1970.035296
16,4,NonRC,CE,0,3521.579769
16,3,RC,CE,0,1519.629158
16,2,NonRC,NonCE,1,1753.515984
16,2,NonRC,NonCE,1,2819.854673
16,2,NonRC,NonCE,1,1469.424358
16,1,RC,NonCE,1,2253.591424
16,1,RC,NonCE,1,2352.456675
16,3,RC,CE,1,1519.247322
16,3,RC,CE,0,2353.726473
16,1,RC,NonCE,1,3037.696653
16,1,RC,NonCE,1,2854.102435
16,4,NonRC,CE,0,1585.224272
16,2,NonRC,NonCE,1,2870.81016
16,3,RC,CE,0,1768.648752
16,1,RC,NonCE,1,2003.465897
16,4,NonRC,CE,0,1920.015385
16,1,RC,NonCE,1,1586.411211
16,3,RC,CE,1,1202.439917
16,3,RC,CE,1,1936.5914
16,3,RC,CE,0,1535.248574
16,1,RC,NonCE,1,1586.427597
16,2,NonRC,NonCE,1,1286.04471
16,1,RC,NonCE,1,1035.780053
16,1,RC,NonCE,1,1452.75899
16,1,RC,NonCE,1,2570.578771
16,4,NonRC,CE,1,1619.568807
16,2,NonRC,NonCE,1,1919.94953
16,2,NonRC,NonCE,1,3004.075598
16,4,NonRC,CE,1,1669.609742
16,4,NonRC,CE,1,2353.684425
16,3,RC,CE,1,1919.887075
16,1,RC,NonCE,1,1018.6908
16,2,NonRC,NonCE,1,2053.402021
16,4,NonRC,CE,0,0
16,2,NonRC,NonCE,1,1085.731635
16,4,NonRC,CE,1,2019.054704
16,1,RC,NonCE,0,3471.530486
16,2,NonRC,NonCE,1,2320.260316
16,1,RC,NonCE,1,2987.610887
16,3,RC,CE,0,3671.57643
16,3,RC,CE,1,1319.344219
16,3,RC,CE,1,2236.990056
16,3,RC,CE,0,3570.007099
16,1,RC,NonCE,0,3219.975624
16,1,RC,NonCE,0,0
16,1,RC,NonCE,1,902.6052044
16,2,NonRC,NonCE,1,1751.733567
16,3,RC,CE,1,2135.42258
16,1,RC,NonCE,0,2469.872668
16,3,RC,CE,1,1768.826839
16,4,NonRC,CE,1,2068.945996
16,3,RC,CE,1,2887.89663
16,4,NonRC,CE,0,1017.760789
16,4,NonRC,CE,1,1936.756193
16,2,NonRC,NonCE,1,1119.039183
16,1,RC,NonCE,0,3204.530586
16,3,RC,CE,1,2220.16175
16,2,NonRC,NonCE,1,2153.192645
16,3,RC,CE,1,3787.42674
16,3,RC,CE,1,2669.682399
16,1,RC,NonCE,1,2403.661669
16,4,NonRC,CE,0,1586.273317
16,2,NonRC,NonCE,0,1252.567732
16,2,NonRC,NonCE,1,1486.188354
16,3,RC,CE,1,2519.429119
16,2,NonRC,NonCE,1,2053.313905
16,4,NonRC,CE,1,1118.842545
16,2,NonRC,NonCE,1,1402.738461
16,4,NonRC,CE,1,1836.480467
16,1,RC,NonCE,1,2236.915853
16,3,RC,CE,0,2469.457749
16,4,NonRC,CE,1,2203.473194
16,4,NonRC,CE,1,1686.268926
16,1,RC,NonCE,0,2253.636564
16,3,RC,CE,1,1752.892061
16,3,RC,CE,1,2537.239068
16,4,NonRC,CE,1,1385.91572
16,1,RC,NonCE,0,2452.785889
16,4,NonRC,CE,0,1052.415739
16,1,RC,NonCE,1,2287.562779
16,3,RC,CE,1,1919.872235
16,4,NonRC,CE,1,2402.42588
16,2,NonRC,NonCE,1,1319.346383
16,2,NonRC,NonCE,1,2135.82173
16,1,RC,NonCE,0,2020.037275
16,1,RC,NonCE,1,2036.69986
16,2,NonRC,NonCE,1,2370.346083
16,3,RC,CE,1,2003.344699
16,3,RC,CE,1,1552.936706
16,3,RC,CE,1,1369.318062
16,2,NonRC,NonCE,1,1436.033023
16,4,NonRC,CE,1,1853.256521
16,2,NonRC,NonCE,1,1753.010167
16,1,RC,NonCE,0,1769.756231
16,4,NonRC,CE,1,1002.503113
16,2,NonRC,NonCE,1,1302.659063
16,2,NonRC,NonCE,1,1619.656613
16,2,NonRC,NonCE,1,1952.328304
16,3,RC,CE,0,1935.371998
16,1,RC,NonCE,1,1969.901731
16,1,RC,NonCE,0,2170.183887
16,1,RC,NonCE,1,1335.932292
16,1,RC,NonCE,1,1268.359978
16,2,NonRC,NonCE,1,1619.743493
16,4,NonRC,CE,1,1135.715372
16,1,RC,NonCE,0,1635.292106
16,3,RC,CE,1,1670.228409
16,4,NonRC,CE,1,1919.962206
16,1,RC,NonCE,1,2286.032652
16,3,RC,CE,1,2170.229027
16,2,NonRC,NonCE,1,1886.485228
16,1,RC,NonCE,1,1703.000459
16,2,NonRC,NonCE,1,1502.877529
16,2,NonRC,NonCE,1,1102.502742
16,4,NonRC,CE,0,1736.376644
16,3,RC,CE,1,817.7627681
16,1,RC,NonCE,1,1002.238765
16,2,NonRC,NonCE,1,1352.615902
16,1,RC,NonCE,1,1269.330182
16,1,RC,NonCE,1,1085.71865
16,4,NonRC,CE,1,1219.164029
16,4,NonRC,CE,1,2053.337402
16,4,NonRC,CE,0,2353.770686
16,4,NonRC,CE,1,768.678742
16,4,NonRC,CE,1,1752.088504
16,3,RC,CE,1,2420.479153
16,2,NonRC,NonCE,0,1368.089385
16,4,NonRC,CE,0,1569.521069
16,3,RC,CE,0,2086.669375
16,4,NonRC,CE,1,1970.096822
16,1,RC,NonCE,0,1919.98323
16,4,NonRC,CE,1,1067.993725
16,2,NonRC,NonCE,1,1836.48665
16,2,NonRC,NonCE,1,2086.752544
16,4,NonRC,CE,0,2303.630813
16,4,NonRC,CE,1,1452.824227
16,2,NonRC,NonCE,1,1035.821482
16,4,NonRC,CE,1,1653.039292
16,1,RC,NonCE,1,2136.826871
16,3,RC,CE,1,1401.681687
16,4,NonRC,CE,1,885.9274691
16,2,NonRC,NonCE,1,1419.361471
16,2,NonRC,NonCE,1,1202.73271
16,3,RC,CE,0,1986.629244
16,3,RC,CE,1,902.1905953
16,2,NonRC,NonCE,1,1803.154368
17,3,RC,CE,1,1436.102279
17,1,RC,NonCE,1,1152.617262
17,2,NonRC,NonCE,1,1235.294518
17,4,NonRC,CE,1,2053.433248
17,3,RC,CE,1,1636.363102
17,3,RC,CE,0,2487.156085
17,4,NonRC,CE,1,2537.090972
17,3,RC,CE,0,1686.671478
17,1,RC,NonCE,1,1185.784752
17,1,RC,NonCE,0,1486.289147
17,1,RC,NonCE,0,3036.665541
17,1,RC,NonCE,0,2286.953078
17,3,RC,CE,1,2287.124363
17,4,NonRC,CE,1,1152.450924
17,2,NonRC,NonCE,1,1903.244896
17,1,RC,NonCE,1,2170.128235
17,4,NonRC,CE,1,918.9038861
17,2,NonRC,NonCE,1,2453.747126
17,1,RC,NonCE,1,1319.288567
17,2,NonRC,NonCE,1,1202.503299
17,3,RC,CE,1,3254.638304
17,3,RC,CE,1,1185.633563
17,1,RC,NonCE,1,985.6104988
17,3,RC,CE,1,1019.084076
17,3,RC,CE,1,1319.288567
17,3,RC,CE,0,2904.080916
17,2,NonRC,NonCE,0,1052.418831
17,4,NonRC,CE,0,1569.507775
17,2,NonRC,NonCE,1,1068.927755
17,4,NonRC,CE,1,1419.414032
17,2,NonRC,NonCE,1,868.7980233
17,1,RC,NonCE,0,3755.092488
17,1,RC,NonCE,1,2453.752691
17,1,RC,NonCE,0,1653.010229
17,2,NonRC,NonCE,1,1351.634568
17,3,RC,CE,1,1486.298422
17,2,NonRC,NonCE,1,2036.76788
17,4,NonRC,CE,1,2069.958248
17,3,RC,CE,1,1402.792567
17,1,RC,NonCE,0,1285.896304
17,4,NonRC,CE,1,2220.213692
17,3,RC,CE,1,1369.328265
17,2,NonRC,NonCE,1,802.1418069
17,1,RC,NonCE,1,2887.590234
17,3,RC,CE,0,1802.097594
17,2,NonRC,NonCE,1,1018.977409
17,3,RC,CE,1,1602.849641
17,2,NonRC,NonCE,1,2869.822643
17,3,RC,CE,1,1669.737433
17,4,NonRC,CE,1,1452.941715
17,3,RC,CE,0,1703.031068
17,1,RC,NonCE,0,1319.486132
17,2,NonRC,NonCE,1,985.6216292
17,3,RC,CE,0,1169.260679
17,4,NonRC,CE,1,1169.20008
17,2,NonRC,NonCE,1,984.6133963
17,1,RC,NonCE,1,2837.488081
17,3,RC,CE,1,1485.856296
17,4,NonRC,CE,1,3554.900302
17,1,RC,NonCE,0,1202.625734
17,2,NonRC,NonCE,1,1252.619056
17,4,NonRC,CE,1,1852.644037
17,3,RC,CE,1,1069.095639
17,3,RC,CE,1,1402.65591
17,2,NonRC,NonCE,1,1202.575956
17,2,NonRC,NonCE,1,801.3744245
17,3,RC,CE,1,1102.394221
17,1,RC,NonCE,0,0
17,4,NonRC,CE,0,935.5544136
17,2,NonRC,NonCE,1,802.0676039
17,3,RC,CE,0,1102.507998
17,4,NonRC,CE,1,1402.940045
17,4,NonRC,CE,1,1852.10452
17,1,RC,NonCE,0,1436.148037
17,1,RC,NonCE,1,801.8026375
17,4,NonRC,CE,1,1935.65737
17,2,NonRC,NonCE,1,1552.864049
17,1,RC,NonCE,0,2020.00883
17,3,RC,CE,1,1152.459272
17,4,NonRC,CE,1,1202.472381
17,2,NonRC,NonCE,1,1285.929695
17,1,RC,NonCE,0,1518.423051
17,4,NonRC,CE,1,1119.160381
17,1,RC,NonCE,0,2937.654667
17,2,NonRC,NonCE,1,1269.32709
17,2,NonRC,NonCE,1,1002.321316
17,2,NonRC,NonCE,1,2337.026477
17,3,RC,CE,1,2003.407771
17,1,RC,NonCE,1,2537.21217
17,4,NonRC,CE,0,1753.048505
17,1,RC,NonCE,1,2086.776351
17,1,RC,NonCE,1,2003.304815
17,1,RC,NonCE,1,1068.987117
17,2,NonRC,NonCE,1,2053.4249
17,3,RC,CE,1,1601.872326
17,4,NonRC,CE,1,2103.444811
17,3,RC,CE,1,1302.657208
17,2,NonRC,NonCE,1,1085.750804
17,4,NonRC,CE,1,1502.802399
17,4,NonRC,CE,1,1886.512745
17,4,NonRC,CE,1,2136.781112
17,4,NonRC,CE,1,1119.140284
17,2,NonRC,NonCE,1,1202.631917
17,4,NonRC,CE,1,1536.120459
17,4,NonRC,CE,1,952.2101972
17,2,NonRC,NonCE,1,1569.645359
17,1,RC,NonCE,1,1052.398735
17,4,NonRC,CE,1,1586.226012
17,4,NonRC,CE,1,1853.183555
17,2,NonRC,NonCE,1,1702.990565
17,2,NonRC,NonCE,1,1336.048544
17,4,NonRC,CE,1,1019.032752
17,4,NonRC,CE,1,1719.864011
17,3,RC,CE,1,1969.850407
17,1,RC,NonCE,1,1218.070772
17,4,NonRC,CE,1,2103.433371
17,1,RC,NonCE,1,1252.512389
17,1,RC,NonCE,1,2637.260031
17,2,NonRC,NonCE,1,1786.871145
17,1,RC,NonCE,1,1319.261359
17,1,RC,NonCE,1,1318.226846
17,3,RC,CE,1,968.9247248
17,3,RC,CE,1,1669.631075
17,4,NonRC,CE,1,1102.51511
17,2,NonRC,NonCE,1,1469.583585
17,3,RC,CE,1,2003.309452
17,2,NonRC,NonCE,1,1169.249857
17,3,RC,CE,1,1769.720675
17,4,NonRC,CE,1,1202.432497
17,1,RC,NonCE,1,1252.564949
17,2,NonRC,NonCE,1,1503.029336
17,1,RC,NonCE,1,2286.938856
17,3,RC,CE,1,1386.535006
17,1,RC,NonCE,1,1903.203466
17,2,NonRC,NonCE,1,1802.06544
17,4,NonRC,CE,1,2052.331952
17,4,NonRC,CE,1,1119.125753
17,2,NonRC,NonCE,1,985.6692427
17,1,RC,NonCE,1,1119.073811
17,3,RC,CE,1,2403.807911
17,2,NonRC,NonCE,1,1853.1514
17,4,NonRC,CE,1,1703.030449
17,3,RC,CE,1,868.896033
17,2,NonRC,NonCE,1,1085.727616
17,3,RC,CE,1,1586.242399
17,2,NonRC,NonCE,1,1119.136574
17,4,NonRC,CE,1,2003.292447
17,3,RC,CE,1,1953.897387
17,3,RC,CE,1,2420.440506
17,4,NonRC,CE,0,1152.538731
17,2,NonRC,NonCE,1,1035.691009
17,3,RC,CE,1,1018.968752
17,4,NonRC,CE,1,1035.619589
17,4,NonRC,CE,1,2070.007408
17,1,RC,NonCE,0,2387.001248
17,2,NonRC,NonCE,1,1052.452841
17,1,RC,NonCE,0,2520.542164
17,1,RC,NonCE,1,1903.208413
17,3,RC,CE,0,0
17,1,RC,NonCE,0,1769.759632
19,3,RC,CE,1,1936.666531
19,2,NonRC,NonCE,1,1752.03347
19,3,RC,CE,0,2920.748139
19,2,NonRC,NonCE,1,1836.530554
19,3,RC,CE,0,2352.667226
19,3,RC,CE,0,2904.167795
19,2,NonRC,NonCE,0,1636.255199
19,2,NonRC,NonCE,1,2220.238426
19,1,RC,NonCE,1,2937.604271
19,3,RC,CE,0,3571.439525
19,1,RC,NonCE,1,2903.188625
19,1,RC,NonCE,1,2737.388278
19,2,NonRC,NonCE,1,2103.333816
19,3,RC,CE,1,2603.877353
19,4,NonRC,CE,1,3271.275227
19,4,NonRC,CE,1,3687.527903
19,4,NonRC,CE,1,2170.13782
19,1,RC,NonCE,0,0
19,2,NonRC,NonCE,0,2287.002856
19,2,NonRC,NonCE,1,2220.282639
19,1,RC,NonCE,1,1986.62677
19,3,RC,CE,1,3387.975162
19,4,NonRC,CE,0,3054.288128
19,1,RC,NonCE,0,3204.545117
19,2,NonRC,NonCE,1,1769.860115
19,1,RC,NonCE,1,1202.541328
19,4,NonRC,CE,0,3638.331336
19,1,RC,NonCE,1,1302.596609
19,4,NonRC,CE,1,3187.754841
19,1,RC,NonCE,0,0
19,2,NonRC,NonCE,1,1135.689092
19,4,NonRC,CE,1,2870.884054
19,3,RC,CE,1,1536.212285
19,3,RC,CE,1,1986.699118
19,3,RC,CE,1,2503.857318
19,3,RC,CE,1,1235.894325
19,4,NonRC,CE,1,2769.792405
19,4,NonRC,CE,1,1069.06132
19,3,RC,CE,1,1369.525831
19,1,RC,NonCE,1,3037.710257
19,1,RC,NonCE,1,1886.586639
19,4,NonRC,CE,1,1603.300424
19,4,NonRC,CE,1,2035.612168
19,2,NonRC,NonCE,1,3137.860147
19,1,RC,NonCE,1,1436.029931
19,1,RC,NonCE,1,1686.313448
19,3,RC,CE,1,2904.229322
19,1,RC,NonCE,1,1352.738337
19,2,NonRC,NonCE,1,1502.932254
19,2,NonRC,NonCE,1,1452.734565
19,1,RC,NonCE,1,1801.917652
19,4,NonRC,CE,0,1552.963914
19,4,NonRC,CE,1,1035.732439
19,3,RC,CE,1,1669.687964
19,3,RC,CE,1,1569.688026
19,2,NonRC,NonCE,1,1703.029522
19,4,NonRC,CE,1,1252.709645
19,3,RC,CE,1,1352.763071
19,3,RC,CE,1,3604.931962
19,3,RC,CE,1,1552.78459
19,3,RC,CE,1,1436.081873
19,2,NonRC,NonCE,0,1619.489038
19,2,NonRC,NonCE,0,2170.233665
19,3,RC,CE,1,1319.452432
19,3,RC,CE,1,1069.125939
19,3,RC,CE,0,2170.224081
19,1,RC,NonCE,0,1869.807184
19,2,NonRC,NonCE,1,1886.592513
19,1,RC,NonCE,1,1519.59453
19,1,RC,NonCE,1,1202.448883
19,1,RC,NonCE,1,1636.262619
19,2,NonRC,NonCE,1,1835.351036
19,4,NonRC,CE,1,1864.640802
19,2,NonRC,NonCE,1,1452.795164
19,4,NonRC,CE,1,1285.978236
19,3,RC,CE,1,1903.346307
19,3,RC,CE,1,1285.994313
19,1,RC,NonCE,1,1019.09768
19,2,NonRC,NonCE,1,1719.744358
19,4,NonRC,CE,1,1202.624497
19,2,NonRC,NonCE,1,1335.976814
19,1,RC,NonCE,1,1668.626243
19,1,RC,NonCE,1,1502.623384
19,4,NonRC,CE,1,1435.945216
19,4,NonRC,CE,1,1319.308045
19,4,NonRC,CE,0,2453.837406
19,3,RC,CE,1,2387.22633
19,4,NonRC,CE,1,1787.039339
19,3,RC,CE,1,1669.695694
19,3,RC,CE,1,2070.088413
19,2,NonRC,NonCE,1,968.9222514
19,2,NonRC,NonCE,1,1501.787673
19,1,RC,NonCE,1,1185.779496
19,2,NonRC,NonCE,0,2520.293893
19,1,RC,NonCE,1,1769.827651
19,1,RC,NonCE,1,2203.452169
19,3,RC,CE,0,0
19,2,NonRC,NonCE,0,1486.275234
19,3,RC,CE,1,1118.836052
19,1,RC,NonCE,1,2420.35239
19,3,RC,CE,1,1202.481347
19,4,NonRC,CE,0,2019.06367
19,3,RC,CE,1,2103.374009
19,4,NonRC,CE,1,1202.493405
19,2,NonRC,NonCE,1,1735.432721
19,1,RC,NonCE,1,2036.678836
19,3,RC,CE,1,1185.83051
19,2,NonRC,NonCE,1,1069.068431
19,4,NonRC,CE,1,2370.554778
19,1,RC,NonCE,1,1336.055036
19,3,RC,CE,1,1152.454634
19,4,NonRC,CE,1,2620.492633
19,4,NonRC,CE,1,1753.007075
19,4,NonRC,CE,1,2620.572402
19,1,RC,NonCE,1,1518.47592
19,1,RC,NonCE,1,1102.38309
19,4,NonRC,CE,1,1169.197606
19,3,RC,CE,1,1369.185425
19,1,RC,NonCE,1,2036.784266
19,4,NonRC,CE,1,1702.850198
19,4,NonRC,CE,1,1352.621158
19,4,NonRC,CE,1,1269.224752
19,2,NonRC,NonCE,1,2202.557096
19,4,NonRC,CE,1,1669.751964
19,4,NonRC,CE,1,1352.608482
19,4,NonRC,CE,1,1653.596741
19,3,RC,CE,1,2120.031338
19,2,NonRC,NonCE,1,2136.783277
19,2,NonRC,NonCE,1,1069.17417
19,1,RC,NonCE,1,2353.795729
19,4,NonRC,CE,1,1352.776057
19,1,RC,NonCE,1,1652.974364
19,3,RC,CE,1,1135.591391
19,1,RC,NonCE,1,1452.798565
19,1,RC,NonCE,1,1486.271214
19,2,NonRC,NonCE,1,1636.254581
19,4,NonRC,CE,1,2220.214929
19,2,NonRC,NonCE,1,1235.851968
19,2,NonRC,NonCE,1,1819.85591
19,3,RC,CE,1,1469.338406
19,4,NonRC,CE,1,1769.836617
19,2,NonRC,NonCE,1,1402.711562
19,2,NonRC,NonCE,1,1619.56757
19,3,RC,CE,1,2369.268284
19,2,NonRC,NonCE,0,2920.976622
19,4,NonRC,CE,1,1369.374951
19,1,RC,NonCE,1,2019.951941
19,3,RC,CE,1,1135.727739
19,4,NonRC,CE,1,1185.897602
19,4,NonRC,CE,1,1753.060872
19,1,RC,NonCE,1,1619.610546
19,1,RC,NonCE,1,1636.441016
19,2,NonRC,NonCE,1,1369.453792
19,2,NonRC,NonCE,0,0
19,1,RC,NonCE,1,2153.54078
19,2,NonRC,NonCE,1,2954.248305
19,2,NonRC,NonCE,1,1134.477419
19,1,RC,NonCE,0,2186.925004
19,2,NonRC,NonCE,1,2153.381244
19,3,RC,CE,1,2603.944444
20,4,NonRC,CE,1,1553.41748
20,2,NonRC,NonCE,1,1702.952227
20,3,RC,CE,1,1302.637421
20,1,RC,NonCE,1,2170.203056
20,2,NonRC,NonCE,0,2152.484006
20,2,NonRC,NonCE,1,1786.554855
20,2,NonRC,NonCE,1,1318.529532
20,4,NonRC,CE,1,1986.726326
20,3,RC,CE,0,1703.005097
20,4,NonRC,CE,0,1536.153541
20,1,RC,NonCE,0,1619.412671
20,4,NonRC,CE,1,1419.359925
20,2,NonRC,NonCE,0,2220.203799
20,2,NonRC,NonCE,1,1552.99916
20,1,RC,NonCE,1,1268.364307
20,2,NonRC,NonCE,0,1319.273726
20,2,NonRC,NonCE,1,1870.01959
20,4,NonRC,CE,1,1603.099149
20,1,RC,NonCE,0,1602.950743
20,4,NonRC,CE,1,1669.67807
20,3,RC,CE,0,2053.355025
20,4,NonRC,CE,0,1569.67133
20,2,NonRC,NonCE,1,2186.773507
20,4,NonRC,CE,1,1869.704227
20,4,NonRC,CE,1,1619.60127
20,2,NonRC,NonCE,0,2236.949244
20,1,RC,NonCE,1,2437.182241
20,4,NonRC,CE,0,2136.81605
20,2,NonRC,NonCE,1,2170.235829
20,3,RC,CE,0,1602.96311
20,1,RC,NonCE,0,2270.182589
20,1,RC,NonCE,0,1769.84342
20,4,NonRC,CE,0,1552.952474
20,3,RC,CE,0,1886.582001
20,3,RC,CE,0,1836.500563
20,1,RC,NonCE,1,1619.556749
20,4,NonRC,CE,1,2036.607725
20,1,RC,NonCE,0,1502.936583
20,2,NonRC,NonCE,1,1402.814209
20,1,RC,NonCE,1,1369.429985
20,3,RC,CE,1,1802.093884
20,3,RC,CE,1,2319.299388
20,1,RC,NonCE,0,2787.544228
20,3,RC,CE,0,1569.579813
20,3,RC,CE,0,2353.707613
20,2,NonRC,NonCE,1,1619.626932
20,3,RC,CE,1,2152.77247
20,3,RC,CE,1,2369.284362
20,2,NonRC,NonCE,1,1117.996013
20,4,NonRC,CE,1,1903.205939
20,1,RC,NonCE,0,1936.5577
20,4,NonRC,CE,0,2036.728923
20,1,RC,NonCE,1,2086.698129
20,3,RC,CE,1,2153.392993
20,4,NonRC,CE,0,1719.758581
20,1,RC,NonCE,0,1519.677699
20,1,RC,NonCE,1,2420.358574
20,1,RC,NonCE,0,2387.01918
20,3,RC,CE,1,1786.49271
20,1,RC,NonCE,1,1619.592613
20,3,RC,CE,0,2337.113356
20,3,RC,CE,1,1919.877491
20,2,NonRC,NonCE,1,1936.549661
20,1,RC,NonCE,1,1869.841193
20,4,NonRC,CE,1,1986.627389
20,3,RC,CE,1,2352.5788
20,1,RC,NonCE,1,1636.278697
20,2,NonRC,NonCE,1,2268.44593
20,3,RC,CE,1,2854.136754
20,3,RC,CE,1,2020.160946
20,1,RC,NonCE,1,1736.418384
20,2,NonRC,NonCE,0,1486.1562
20,3,RC,CE,0,1686.426608
20,3,RC,CE,1,1786.46643
20,2,NonRC,NonCE,0,1185.985718
20,3,RC,CE,1,1669.683017
20,1,RC,NonCE,1,2403.766172
20,3,RC,CE,0,2637.370717
20,4,NonRC,CE,1,1968.901846
20,2,NonRC,NonCE,1,1853.231477
20,3,RC,CE,0,2920.976004
20,2,NonRC,NonCE,1,1552.914136
20,4,NonRC,CE,0,1736.316045
20,3,RC,CE,0,0
20,1,RC,NonCE,0,1519.765197
20,2,NonRC,NonCE,1,1586.273626
20,2,NonRC,NonCE,1,1801.659178
20,2,NonRC,NonCE,0,1068.792643
20,4,NonRC,CE,1,1302.767276
20,3,RC,CE,1,1653.012393
20,3,RC,CE,1,1536.135608
20,2,NonRC,NonCE,1,1936.597893
20,2,NonRC,NonCE,0,1819.790055
20,1,RC,NonCE,1,1552.948146
20,4,NonRC,CE,1,1369.376188
20,4,NonRC,CE,1,1919.999617
20,3,RC,CE,0,1969.98088
20,3,RC,CE,1,1735.64018
20,1,RC,NonCE,0,1718.665014
20,4,NonRC,CE,1,1636.148841
20,1,RC,NonCE,1,1568.774093
20,4,NonRC,CE,1,1619.68042
20,1,RC,NonCE,1,1619.562932
20,4,NonRC,CE,1,1285.93526
20,4,NonRC,CE,1,2219.219991
20,2,NonRC,NonCE,1,1636.317653
20,3,RC,CE,1,1936.602531
20,2,NonRC,NonCE,0,2303.634832
20,3,RC,CE,0,2020.057062
20,4,NonRC,CE,1,2086.709259
20,2,NonRC,NonCE,1,1853.127902
20,2,NonRC,NonCE,1,1636.339914
20,4,NonRC,CE,1,1401.72559
20,2,NonRC,NonCE,1,1069.12532
20,4,NonRC,CE,1,1685.33366
20,3,RC,CE,1,1835.463886
20,1,RC,NonCE,1,2036.595358
20,1,RC,NonCE,1,1651.946344
20,1,RC,NonCE,0,1769.784057
20,4,NonRC,CE,1,1402.930151
20,4,NonRC,CE,1,1469.514329
20,4,NonRC,CE,1,1853.817372
20,4,NonRC,CE,1,1453.222759
20,4,NonRC,CE,1,1319.4076
20,1,RC,NonCE,1,1636.257363
20,3,RC,CE,0,1151.489686
20,4,NonRC,CE,1,1486.167639
20,2,NonRC,NonCE,1,1352.611883
20,3,RC,CE,1,1853.232714
20,2,NonRC,NonCE,1,1386.065981
20,4,NonRC,CE,1,1469.344899
20,2,NonRC,NonCE,1,1819.795002
20,4,NonRC,CE,1,1602.902511
20,3,RC,CE,0,1252.509606
20,1,RC,NonCE,1,1719.754252
20,4,NonRC,CE,0,2120.166759
20,3,RC,CE,1,1552.86374
20,4,NonRC,CE,1,1703.070952
20,2,NonRC,NonCE,1,1886.56747
20,1,RC,NonCE,1,1386.077421
20,3,RC,CE,0,1803.049247
20,3,RC,CE,1,1686.399091
20,4,NonRC,CE,0,2003.380254
20,2,NonRC,NonCE,1,1402.79906
20,1,RC,NonCE,1,2170.019404
20,1,RC,NonCE,1,1703.06786
20,1,RC,NonCE,1,1618.894487
20,3,RC,CE,0,1552.908571
20,1,RC,NonCE,1,1552.831585
20,1,RC,NonCE,1,1386.024551
20,3,RC,CE,0,1870.040614
20,2,NonRC,NonCE,1,1235.902054
20,4,NonRC,CE,1,2319.33989
20,2,NonRC,NonCE,1,1986.549166
20,1,RC,NonCE,1,2103.417294
20,1,RC,NonCE,1,2253.552158
20,2,NonRC,NonCE,1,1602.920443
20,2,NonRC,NonCE,0,1119.067318
20,2,NonRC,NonCE,1,1002.423964
20,1,RC,NonCE,1,1502.832698
21,3,RC,CE,0,1319.022982
21,4,NonRC,CE,1,2285.873115
21,1,RC,NonCE,1,1152.548624
21,3,RC,CE,0,1999.366492
21,3,RC,CE,0,2336.10265
21,3,RC,CE,1,3621.568577
21,2,NonRC,NonCE,1,3805.112399
21,1,RC,NonCE,1,3103.359787
21,3,RC,CE,0,2720.772379
21,1,RC,NonCE,1,3136.741228
21,1,RC,NonCE,1,2487.123621
21,3,RC,CE,0,0
21,4,NonRC,CE,0,0
21,3,RC,CE,1,3154.479757
21,2,NonRC,NonCE,1,885.5518166
21,4,NonRC,CE,0,2502.808273
21,4,NonRC,CE,1,2153.490693
21,2,NonRC,NonCE,1,1869.77472
21,4,NonRC,CE,0,1435.959747
21,2,NonRC,NonCE,1,1319.248373
21,1,RC,NonCE,1,1151.227812
21,2,NonRC,NonCE,1,1586.247655
21,1,RC,NonCE,1,1102.524385
21,1,RC,NonCE,1,1002.2972
21,3,RC,CE,0,868.8048252
21,1,RC,NonCE,1,1452.752806
21,3,RC,CE,0,1452.931512
21,3,RC,CE,1,1102.336404
21,2,NonRC,NonCE,1,1469.526387
21,3,RC,CE,0,1519.414588
21,1,RC,NonCE,1,3371.417697
21,1,RC,NonCE,1,1368.328071
21,4,NonRC,CE,1,2403.699389
21,4,NonRC,CE,1,1419.375075
21,3,RC,CE,0,1119.119569
21,4,NonRC,CE,1,1319.254248
21,2,NonRC,NonCE,1,1586.238998
21,2,NonRC,NonCE,0,985.70789
21,3,RC,CE,1,1369.372169
21,2,NonRC,NonCE,1,2270.272251
21,3,RC,CE,1,968.9506958
21,2,NonRC,NonCE,1,1986.62306
21,2,NonRC,NonCE,1,1369.335686
21,4,NonRC,CE,1,1202.479801
21,3,RC,CE,0,1035.657308
21,2,NonRC,NonCE,1,1252.616582
21,1,RC,NonCE,1,2070.066461
21,2,NonRC,NonCE,1,1002.288852
21,2,NonRC,NonCE,1,1169.202862
21,1,RC,NonCE,1,1252.580717
21,4,NonRC,CE,1,1269.363265
21,4,NonRC,CE,0,2637.403799
21,1,RC,NonCE,1,1234.749744
21,2,NonRC,NonCE,1,1869.946005
21,4,NonRC,CE,1,1002.341722
21,4,NonRC,CE,1,2070.118712
21,2,NonRC,NonCE,1,1169.164215
21,4,NonRC,CE,1,1535.985966
21,1,RC,NonCE,1,1937.159362
21,3,RC,CE,0,1152.518325
21,1,RC,NonCE,1,1886.530368
21,4,NonRC,CE,1,1636.222117
21,3,RC,CE,1,1753.139713
21,1,RC,NonCE,1,1836.619597
21,1,RC,NonCE,1,1602.986917
21,2,NonRC,NonCE,1,1419.388988
21,3,RC,CE,1,1002.300601
21,2,NonRC,NonCE,1,1185.852462
21,3,RC,CE,1,1284.675356
21,4,NonRC,CE,1,1084.736697
21,4,NonRC,CE,1,1619.72927
21,1,RC,NonCE,1,1252.706862
21,1,RC,NonCE,1,1651.979735
21,2,NonRC,NonCE,1,1069.126248
21,3,RC,CE,1,2470.454852
21,2,NonRC,NonCE,1,1219.19773
21,3,RC,CE,1,1219.135585
21,3,RC,CE,1,2704.019822
21,1,RC,NonCE,0,2136.825634
21,1,RC,NonCE,1,1869.918488
21,3,RC,CE,1,1386.059179
21,3,RC,CE,1,2386.055778
21,1,RC,NonCE,1,2353.628154
21,1,RC,NonCE,1,1803.072126
21,4,NonRC,CE,1,2086.78439
21,3,RC,CE,1,1285.778197
21,4,NonRC,CE,1,1169.288196
21,3,RC,CE,1,1502.794978
21,2,NonRC,NonCE,1,1569.480876
21,3,RC,CE,0,1536.257425
21,3,RC,CE,1,2069.961031
21,3,RC,CE,1,2470.414659
21,4,NonRC,CE,1,2353.701739
21,1,RC,NonCE,1,1202.509483
21,3,RC,CE,1,1586.263423
21,1,RC,NonCE,1,968.905865
21,1,RC,NonCE,1,2937.550164
21,4,NonRC,CE,0,0
21,2,NonRC,NonCE,1,1285.929695
21,3,RC,CE,1,1603.088946
21,3,RC,CE,1,1870.132131
21,4,NonRC,CE,1,952.3109896
21,1,RC,NonCE,1,1402.714035
21,1,RC,NonCE,1,2370.318257
21,4,NonRC,CE,1,2570.677708
21,4,NonRC,CE,1,1686.408985
21,2,NonRC,NonCE,1,1368.33982
21,4,NonRC,CE,1,2837.520854
21,3,RC,CE,0,2820.856723
21,2,NonRC,NonCE,1,1069.011233
21,2,NonRC,NonCE,1,1435.18278
21,2,NonRC,NonCE,1,1352.608482
21,3,RC,CE,1,2553.827142
21,4,NonRC,CE,1,1285.93557
21,1,RC,NonCE,1,1602.934666
21,2,NonRC,NonCE,1,1486.162383
21,3,RC,CE,1,2036.753657
21,4,NonRC,CE,1,1352.723496
21,3,RC,CE,1,1402.707543
21,4,NonRC,CE,1,1401.752798
21,2,NonRC,NonCE,1,1903.531196
21,1,RC,NonCE,0,0
21,2,NonRC,NonCE,1,1085.633625
21,2,NonRC,NonCE,1,1436.165042
21,1,RC,NonCE,1,1102.50738
21,3,RC,CE,0,2270.551749
21,2,NonRC,NonCE,1,1803.307103
21,4,NonRC,CE,1,1034.653713
21,2,NonRC,NonCE,1,1169.721046
21,1,RC,NonCE,0,1168.114243
21,2,NonRC,NonCE,1,1119.101019
21,4,NonRC,CE,1,1075.964979
21,3,RC,CE,1,1119.189444
21,3,RC,CE,1,2103.376482
21,3,RC,CE,1,2804.055625
21,1,RC,NonCE,1,1968.981614
21,1,RC,NonCE,1,1202.610893
21,1,RC,NonCE,1,1085.935384
21,4,NonRC,CE,0,2003.283791
21,4,NonRC,CE,1,2387.018562
21,4,NonRC,CE,1,1569.540547
21,4,NonRC,CE,1,1269.222588
21,2,NonRC,NonCE,1,1219.257401
21,2,NonRC,NonCE,1,1853.177371
21,4,NonRC,CE,0,2586.221375
21,4,NonRC,CE,0,2352.650221
21,2,NonRC,NonCE,1,1636.275914
21,4,NonRC,CE,1,1051.140067
21,2,NonRC,NonCE,1,2136.280861
21,2,NonRC,NonCE,1,1352.706182
21,2,NonRC,NonCE,1,1285.108516
21,1,RC,NonCE,1,1085.794399
21,2,NonRC,NonCE,1,1652.900161
21,4,NonRC,CE,1,985.6089528
21,1,RC,NonCE,0,918.8732775
21,4,NonRC,CE,1,1402.693939
21,1,RC,NonCE,1,1836.556834
21,1,RC,NonCE,1,1352.645583
21,4,NonRC,CE,0,1386.121324
21,1,RC,NonCE,0,1084.710107
23,4,NonRC,CE,1,1402.641687
23,2,NonRC,NonCE,0,1436.084037
23,4,NonRC,CE,1,1501.827248
23,2,NonRC,NonCE,0,1602.063708
23,4,NonRC,CE,1,1386.0026
23,4,NonRC,CE,0,1701.737463
23,4,NonRC,CE,1,1002.502804
23,1,RC,NonCE,1,2503.831037
23,2,NonRC,NonCE,1,2069.040296
23,3,RC,CE,1,1152.441958
23,3,RC,CE,0,2487.262442
23,3,RC,CE,1,1902.184103
23,3,RC,CE,1,3038.319031
23,4,NonRC,CE,1,1284.899511
23,3,RC,CE,1,2353.605584
23,4,NonRC,CE,1,2186.776598
23,1,RC,NonCE,0,2520.501043
23,1,RC,NonCE,1,1536.157869
23,3,RC,CE,1,1502.81724
23,2,NonRC,NonCE,0,1569.499427
23,3,RC,CE,1,1786.455918
23,3,RC,CE,0,1669.59923
23,2,NonRC,NonCE,0,1319.323504
23,2,NonRC,NonCE,1,1235.881648
23,4,NonRC,CE,1,1485.121377
23,3,RC,CE,1,1886.536552
23,3,RC,CE,1,1836.482631
23,2,NonRC,NonCE,1,2769.641216
23,3,RC,CE,1,2052.375237
23,2,NonRC,NonCE,1,1636.258909
23,1,RC,NonCE,1,3154.51253
23,2,NonRC,NonCE,1,1953.24842
23,2,NonRC,NonCE,1,1553.005653
23,1,RC,NonCE,1,2287.005638
23,4,NonRC,CE,1,2036.59072
23,1,RC,NonCE,0,3438.053199
23,4,NonRC,CE,1,2420.414844
23,2,NonRC,NonCE,0,2769.746955
23,3,RC,CE,1,1886.624359
23,1,RC,NonCE,1,1486.135794
23,3,RC,CE,1,1985.480953
23,1,RC,NonCE,1,2819.90878
23,2,NonRC,NonCE,1,2253.55896
23,1,RC,NonCE,1,2253.749724
23,1,RC,NonCE,0,2337.077182
23,2,NonRC,NonCE,1,1586.247655
23,2,NonRC,NonCE,1,1035.496536
23,3,RC,CE,1,3171.08298
23,1,RC,NonCE,0,0
23,1,RC,NonCE,0,1602.874067
23,1,RC,NonCE,1,1135.807817
23,4,NonRC,CE,1,1919.870071
23,3,RC,CE,0,1853.125429
23,3,RC,CE,1,1953.275628
23,2,NonRC,NonCE,0,1285.87126
23,4,NonRC,CE,0,2170.05496
23,3,RC,CE,1,1553.010909
23,3,RC,CE,0,2637.292495
23,2,NonRC,NonCE,1,1185.837313
23,1,RC,NonCE,1,1602.899728
23,2,NonRC,NonCE,1,1285.934024
23,3,RC,CE,1,1434.850413
23,1,RC,NonCE,1,1369.169966
23,1,RC,NonCE,0,1669.66323
23,1,RC,NonCE,1,2503.752815
23,3,RC,CE,1,1969.994484
23,4,NonRC,CE,1,1936.637159
23,4,NonRC,CE,1,2687.257063
23,4,NonRC,CE,1,1869.929309
23,1,RC,NonCE,0,1786.422218
23,3,RC,CE,0,2754.028912
23,4,NonRC,CE,1,2403.720723
23,4,NonRC,CE,1,2320.234654
23,2,NonRC,NonCE,1,1469.440436
23,2,NonRC,NonCE,1,1385.857903
23,3,RC,CE,1,1853.16284
23,1,RC,NonCE,0,2603.919401
23,3,RC,CE,1,2770.826608
23,1,RC,NonCE,1,2053.309267
23,2,NonRC,NonCE,1,2320.451698
23,1,RC,NonCE,1,1484.824566
23,3,RC,CE,1,2770.718705
23,2,NonRC,NonCE,1,1886.709074
23,4,NonRC,CE,0,2503.561742
23,1,RC,NonCE,1,1652.413204
23,4,NonRC,CE,0,0
23,1,RC,NonCE,0,0
23,4,NonRC,CE,1,1869.907976
23,3,RC,CE,1,2286.98616
23,4,NonRC,CE,1,1853.289294
23,4,NonRC,CE,0,1904.081534
23,2,NonRC,NonCE,1,1653.01734
23,4,NonRC,CE,1,2503.970477
23,4,NonRC,CE,0,2435.993448
23,1,RC,NonCE,0,1636.109885
23,2,NonRC,NonCE,1,1352.656095
23,2,NonRC,NonCE,1,1636.258291
23,3,RC,CE,0,0
23,2,NonRC,NonCE,1,1436.122066
23,3,RC,CE,1,2270.022743
23,2,NonRC,NonCE,1,2020.066956
23,2,NonRC,NonCE,1,1452.83783
23,1,RC,NonCE,0,0
23,4,NonRC,CE,0,2169.963134
23,3,RC,CE,1,1719.407044
23,4,NonRC,CE,1,1586.651134
23,1,RC,NonCE,1,1219.000474
23,2,NonRC,NonCE,0,2086.708023
23,2,NonRC,NonCE,1,1152.478441
23,3,RC,CE,0,1869.705463
23,4,NonRC,CE,1,2320.314114
23,2,NonRC,NonCE,1,2486.955118
23,4,NonRC,CE,1,2169.149993
23,4,NonRC,CE,1,1718.57257
23,3,RC,CE,1,1686.012308
23,4,NonRC,CE,1,1869.754623
23,1,RC,NonCE,1,1569.455832
23,2,NonRC,NonCE,1,2003.305433
23,2,NonRC,NonCE,1,1536.118913
23,3,RC,CE,1,2553.560939
23,3,RC,CE,1,2003.59266
23,1,RC,NonCE,0,2620.37731
23,2,NonRC,NonCE,1,1502.89979
23,4,NonRC,CE,1,1819.745224
23,2,NonRC,NonCE,1,1419.409085
23,4,NonRC,CE,1,2954.27273
23,2,NonRC,NonCE,1,1302.459952
23,2,NonRC,NonCE,1,1536.264227
23,3,RC,CE,1,2036.514353
23,4,NonRC,CE,1,1119.152652
23,1,RC,NonCE,1,1336.005568
23,1,RC,NonCE,0,2553.478697
23,2,NonRC,NonCE,1,1402.361571
23,1,RC,NonCE,1,1418.525142
23,4,NonRC,CE,1,2336.668448
23,2,NonRC,NonCE,1,1569.587233
23,1,RC,NonCE,0,2320.391099
23,3,RC,CE,0,2753.831037
23,3,RC,CE,0,2553.854349
23,1,RC,NonCE,1,1519.52682
23,1,RC,NonCE,0,2536.996054
23,4,NonRC,CE,1,1902.523272
23,1,RC,NonCE,1,1152.206364
23,2,NonRC,NonCE,1,1569.517668
23,1,RC,NonCE,0,0
23,3,RC,CE,1,2653.662906
23,4,NonRC,CE,0,1669.766495
23,4,NonRC,CE,1,1502.817858
23,3,RC,CE,0,2920.84553
23,1,RC,NonCE,1,2453.722083
23,3,RC,CE,1,1686.333236
23,4,NonRC,CE,1,2353.619497
23,1,RC,NonCE,1,1202.375608
23,1,RC,NonCE,1,2653.089997
23,4,NonRC,CE,1,1519.497448
23,2,NonRC,NonCE,1,1569.493553
23,4,NonRC,CE,1,1552.725228
23,1,RC,NonCE,1,2170.200583
23,3,RC,CE,1,2220.087856
23,3,RC,CE,1,2119.114313
26,1,RC,NonCE,0,1518.674104
26,2,NonRC,NonCE,1,3705.226239
26,4,NonRC,CE,0,3436.998589
26,1,RC,NonCE,1,3171.150381
26,4,NonRC,CE,1,2370.391841
26,1,RC,NonCE,0,2470.57605
26,2,NonRC,NonCE,0,0
26,2,NonRC,NonCE,1,1269.269892
26,2,NonRC,NonCE,0,2519.463129
26,4,NonRC,CE,0,1135.549652
26,2,NonRC,NonCE,0,2654.23396
26,4,NonRC,CE,1,1584.953741
26,3,RC,CE,0,1887.288166
26,2,NonRC,NonCE,1,1269.333893
26,2,NonRC,NonCE,1,1685.038085
26,3,RC,CE,1,1769.787458
26,2,NonRC,NonCE,1,1818.895909
26,2,NonRC,NonCE,1,1352.261582
26,1,RC,NonCE,1,2136.845731
26,3,RC,CE,1,2003.29152
26,4,NonRC,CE,1,2754.201743
26,1,RC,NonCE,1,2337.726458
26,4,NonRC,CE,1,1903.109166
26,4,NonRC,CE,0,1853.158202
26,1,RC,NonCE,1,2320.374403
26,1,RC,NonCE,1,2102.434105
26,1,RC,NonCE,1,1836.636293
26,3,RC,CE,0,1735.420354
26,2,NonRC,NonCE,1,1502.887423
26,2,NonRC,NonCE,1,1903.324664
26,2,NonRC,NonCE,0,1151.547812
26,2,NonRC,NonCE,1,1769.785912
26,2,NonRC,NonCE,1,885.6260194
26,3,RC,CE,0,952.216072
26,1,RC,NonCE,1,1986.706848
26,4,NonRC,CE,1,1953.344575
26,1,RC,NonCE,1,1719.835876
26,3,RC,CE,1,2087.023076
26,3,RC,CE,1,1385.061459
26,3,RC,CE,0,1719.731682
26,1,RC,NonCE,0,1703.046218
26,1,RC,NonCE,1,1836.349375
26,2,NonRC,NonCE,1,1185.814124
26,4,NonRC,CE,1,852.1954184
26,2,NonRC,NonCE,1,1703.066314
26,2,NonRC,NonCE,1,1252.257007
26,4,NonRC,CE,1,1319.312682
26,3,RC,CE,0,2103.585487
26,1,RC,NonCE,1,1319.352876
26,4,NonRC,CE,1,1668.611403
26,3,RC,CE,0,1986.698809
26,1,RC,NonCE,0,1402.795041
26,2,NonRC,NonCE,1,1603.099458
26,2,NonRC,NonCE,1,1436.171844
26,3,RC,CE,0,1819.901669
26,1,RC,NonCE,0,1636.272513
26,3,RC,CE,1,1469.347372
26,4,NonRC,CE,0,1986.583485
26,3,RC,CE,0,1970.585325
26,4,NonRC,CE,1,2003.371597
26,3,RC,CE,1,1536.262372
26,3,RC,CE,1,1768.72079
26,1,RC,NonCE,0,1753.1898
26,3,RC,CE,1,1336.064312
26,3,RC,CE,1,1202.574101
26,1,RC,NonCE,1,1102.421428
26,3,RC,CE,0,1452.847724
26,3,RC,CE,1,1569.944336
26,4,NonRC,CE,1,1536.19528
26,1,RC,NonCE,1,1620.142952
26,3,RC,CE,1,2036.655957
26,4,NonRC,CE,1,1619.672691
26,4,NonRC,CE,1,1886.603025
26,1,RC,NonCE,1,2136.875721
26,2,NonRC,NonCE,1,1452.814333
26,4,NonRC,CE,0,2220.309228
26,3,RC,CE,0,2053.487972
26,1,RC,NonCE,0,1853.288676
26,3,RC,CE,0,2437.319207
26,3,RC,CE,1,2420.474207
26,3,RC,CE,1,2270.69057
26,1,RC,NonCE,0,1669.708061
26,2,NonRC,NonCE,1,885.4995654
26,4,NonRC,CE,0,1269.147766
26,4,NonRC,CE,1,902.2419187
26,2,NonRC,NonCE,1,1084.658165
26,2,NonRC,NonCE,1,1069.020508
26,4,NonRC,CE,1,2053.269383
26,1,RC,NonCE,0,2653.96992
26,2,NonRC,NonCE,1,1469.466097
26,1,RC,NonCE,0,0
26,2,NonRC,NonCE,1,1919.933761
26,2,NonRC,NonCE,1,1102.421429
26,4,NonRC,CE,0,1052.32917
26,4,NonRC,CE,1,1602.847168
26,4,NonRC,CE,1,1169.171326
26,2,NonRC,NonCE,1,1302.707605
26,1,RC,NonCE,0,2170.157607
26,1,RC,NonCE,1,1819.727292
26,3,RC,CE,0,1719.797846
26,1,RC,NonCE,1,1052.435218
26,1,RC,NonCE,1,1019.170646
26,3,RC,CE,0,1903.271176
26,4,NonRC,CE,1,1386.020223
26,1,RC,NonCE,0,1586.323095
26,2,NonRC,NonCE,1,1035.73584
26,4,NonRC,CE,1,1119.175221
26,2,NonRC,NonCE,1,752.1738377
26,3,RC,CE,1,768.9044429
26,3,RC,CE,0,1035.644323
26,1,RC,NonCE,0,1085.809548
26,1,RC,NonCE,0,1586.180872
26,4,NonRC,CE,1,1353.15913
26,2,NonRC,NonCE,1,1636.227682
26,4,NonRC,CE,1,985.6513105
26,3,RC,CE,1,1451.79095
26,4,NonRC,CE,1,1787.0953
26,1,RC,NonCE,1,1436.114646
26,2,NonRC,NonCE,1,1269.272056
26,2,NonRC,NonCE,1,1318.348353
26,2,NonRC,NonCE,1,1369.389483
26,4,NonRC,CE,0,851.0768088
26,1,RC,NonCE,1,884.2854192
26,3,RC,CE,0,1135.733305
26,4,NonRC,CE,1,1569.531891
26,4,NonRC,CE,1,1019.092114
26,2,NonRC,NonCE,1,1167.82918
26,4,NonRC,CE,1,1601.993834
26,1,RC,NonCE,1,1536.291125
26,4,NonRC,CE,1,1185.900385
26,3,RC,CE,0,1036.387898
26,1,RC,NonCE,0,1169.636022
26,1,RC,NonCE,0,2286.941638
26,4,NonRC,CE,1,1001.312774
26,1,RC,NonCE,1,2002.876602
26,3,RC,CE,0,818.2784785
26,1,RC,NonCE,1,717.6651293
26,2,NonRC,NonCE,1,1502.034398
26,3,RC,CE,1,2186.181738
26,3,RC,CE,1,1285.113772
26,3,RC,CE,0,902.1905949
26,1,RC,NonCE,1,1853.210144
26,1,RC,NonCE,1,1853.257448
26,4,NonRC,CE,1,1486.381591
26,2,NonRC,NonCE,1,1819.875388
26,3,RC,CE,0,1919.84008
26,2,NonRC,NonCE,0,885.5567635
26,1,RC,NonCE,1,1186.072907
26,4,NonRC,CE,0,1868.925096
26,4,NonRC,CE,0,1970.031276
26,2,NonRC,NonCE,1,2136.821615
26,4,NonRC,CE,1,2621.335765
26,4,NonRC,CE,1,1034.823143
26,2,NonRC,NonCE,1,1719.652842
26,3,RC,CE,1,1987.060857
26,4,NonRC,CE,0,1336.068331
26,3,RC,CE,0,2222.5044
26,2,NonRC,NonCE,1,1105.146532
26,3,RC,CE,0,1319.379156
26,3,RC,CE,1,1653.029398
28,1,RC,NonCE,0,918.9688639
28,3,RC,CE,0,2086.782481
28,4,NonRC,CE,1,1218.144531
28,1,RC,NonCE,1,1486.142295
28,3,RC,CE,1,1769.779562
28,3,RC,CE,0,0
28,3,RC,CE,0,2220.454716
28,3,RC,CE,0,1636.240274
28,2,NonRC,NonCE,1,1285.850369
28,1,RC,NonCE,1,1436.006782
28,2,NonRC,NonCE,0,1569.614089
28,2,NonRC,NonCE,1,1035.751277
28,2,NonRC,NonCE,1,1302.614973
28,1,RC,NonCE,0,2570.71693
28,1,RC,NonCE,1,1152.36395
28,4,NonRC,CE,1,1069.269664
28,1,RC,NonCE,0,1602.888534
28,2,NonRC,NonCE,1,902.3471003
28,4,NonRC,CE,1,1085.835775
28,4,NonRC,CE,1,1436.163845
28,2,NonRC,NonCE,0,1102.327065
28,4,NonRC,CE,1,1753.125953
28,3,RC,CE,1,1252.641469
28,1,RC,NonCE,1,752.0784548
28,1,RC,NonCE,0,1302.557466
28,2,NonRC,NonCE,0,1068.881645
28,3,RC,CE,0,1336.053283
28,3,RC,CE,0,2370.265467
28,3,RC,CE,1,2286.94177
28,3,RC,CE,1,2019.099214
28,1,RC,NonCE,0,0
28,3,RC,CE,0,3071.029819
28,3,RC,CE,0,1936.665642
28,3,RC,CE,1,3738.473349
28,3,RC,CE,0,1469.449421
28,1,RC,NonCE,0,2053.377253
28,1,RC,NonCE,1,2837.474887
28,4,NonRC,CE,1,2970.931005
28,1,RC,NonCE,1,3171.194179
28,3,RC,CE,0,1502.851247
28,3,RC,CE,0,2285.978678
28,2,NonRC,NonCE,1,1769.704122
28,1,RC,NonCE,0,3705.169532
28,4,NonRC,CE,1,2737.355049
28,4,NonRC,CE,1,2503.767035
28,2,NonRC,NonCE,1,2003.358301
28,1,RC,NonCE,0,0
28,2,NonRC,NonCE,1,1836.5625
28,1,RC,NonCE,1,2170.173579
28,3,RC,CE,0,2220.160068
28,3,RC,CE,0,2203.514189
28,1,RC,NonCE,1,2153.524299
28,4,NonRC,CE,0,3153.48998
28,4,NonRC,CE,1,2403.803333
28,2,NonRC,NonCE,1,2303.653505
28,2,NonRC,NonCE,1,1219.230676
28,1,RC,NonCE,1,1986.691706
28,3,RC,CE,1,1786.422968
28,4,NonRC,CE,1,2170.127821
28,4,NonRC,CE,1,3705.100894
28,1,RC,NonCE,0,1386.068216
28,3,RC,CE,1,3086.70395
28,4,NonRC,CE,0,3404.670888
28,4,NonRC,CE,1,1369.362356
28,4,NonRC,CE,1,2904.179294
28,1,RC,NonCE,1,1302.53304
28,2,NonRC,NonCE,1,1702.968488
28,4,NonRC,CE,1,2403.816936
28,2,NonRC,NonCE,1,1352.769964
28,3,RC,CE,1,3371.36398
28,2,NonRC,NonCE,1,1752.043827
28,1,RC,NonCE,1,2186.78143
28,2,NonRC,NonCE,1,1886.564139
28,2,NonRC,NonCE,1,2387.052641
28,2,NonRC,NonCE,1,2837.467776
28,2,NonRC,NonCE,1,2103.468554
28,3,RC,CE,0,2470.467856
28,3,RC,CE,0,0
28,2,NonRC,NonCE,1,1302.748229
28,1,RC,NonCE,1,1636.234709
28,3,RC,CE,1,2152.723835
28,4,NonRC,CE,1,1552.999128
28,3,RC,CE,0,2904.274212
28,2,NonRC,NonCE,1,2220.274155
28,2,NonRC,NonCE,0,0
28,4,NonRC,CE,1,2336.847872
28,1,RC,NonCE,1,1519.509185
28,2,NonRC,NonCE,1,1069.092195
28,4,NonRC,CE,0,1302.734007
28,3,RC,CE,1,2786.596726
28,2,NonRC,NonCE,1,1669.637772
28,1,RC,NonCE,1,2870.972868
28,3,RC,CE,1,1836.48737
28,4,NonRC,CE,1,2854.106544
28,1,RC,NonCE,1,2320.54951
28,1,RC,NonCE,1,1636.601395
28,2,NonRC,NonCE,1,1585.285746
28,3,RC,CE,0,0
28,1,RC,NonCE,0,2435.989468
28,1,RC,NonCE,1,1819.790476
28,4,NonRC,CE,1,1519.579677
28,1,RC,NonCE,0,2737.378238
28,1,RC,NonCE,1,1652.972414
28,1,RC,NonCE,1,1434.928985
28,1,RC,NonCE,1,1235.854604
28,1,RC,NonCE,1,1653.091139
28,1,RC,NonCE,1,1102.455684
28,1,RC,NonCE,1,1035.72376
28,4,NonRC,CE,1,1669.863473
28,4,NonRC,CE,1,1918.8724
28,4,NonRC,CE,0,0
28,3,RC,CE,1,1469.57773
28,1,RC,NonCE,0,0
28,4,NonRC,CE,1,1835.452239
28,2,NonRC,NonCE,1,1784.956223
28,4,NonRC,CE,1,1502.860832
28,4,NonRC,CE,1,2220.197479
28,4,NonRC,CE,1,2470.422097
28,2,NonRC,NonCE,1,2336.981438
28,4,NonRC,CE,1,1769.734112
28,4,NonRC,CE,1,1519.501146
28,1,RC,NonCE,1,2336.937843
28,4,NonRC,CE,1,2236.877368
28,3,RC,CE,0,2353.752225
28,2,NonRC,NonCE,1,1586.319949
28,4,NonRC,CE,1,1953.400875
28,2,NonRC,NonCE,1,1752.160078
28,4,NonRC,CE,1,1486.361194
28,3,RC,CE,1,1252.69403
28,3,RC,CE,0,0
28,1,RC,NonCE,1,1135.755482
28,3,RC,CE,1,2170.202333
28,4,NonRC,CE,1,1886.444796
28,2,NonRC,NonCE,1,1618.571631
28,1,RC,NonCE,1,1803.087707
28,4,NonRC,CE,1,1469.547121
28,2,NonRC,NonCE,1,1953.382942
28,2,NonRC,NonCE,0,0
28,4,NonRC,CE,0,2436.305758
28,2,NonRC,NonCE,1,1235.978276
28,4,NonRC,CE,0,1603.059201
28,2,NonRC,NonCE,1,1385.125839
28,2,NonRC,NonCE,1,1235.787203
28,2,NonRC,NonCE,1,1719.705884
28,3,RC,CE,1,2537.286968
28,3,RC,CE,0,2153.511932
28,3,RC,CE,0,2320.263829
28,3,RC,CE,1,1586.252239
28,4,NonRC,CE,0,2018.958846
28,3,RC,CE,1,1636.299946
28,2,NonRC,NonCE,1,1769.847581
28,1,RC,NonCE,0,0
28,4,NonRC,CE,1,1886.591656
28,1,RC,NonCE,1,1319.46491
28,2,NonRC,NonCE,1,1369.322472
28,3,RC,CE,0,2470.509595
28,2,NonRC,NonCE,0,2053.413118
28,2,NonRC,NonCE,1,968.9259807
28,3,RC,CE,1,2337.008954
28,4,NonRC,CE,1,1853.167568
29,4,NonRC,CE,0,1301.048673
29,2,NonRC,NonCE,1,1219.19543
29,3,RC,CE,1,1618.401892
29,2,NonRC,NonCE,0,1202.513377
29,4,NonRC,CE,0,3204.554575
29,3,RC,CE,1,3421.372729
29,1,RC,NonCE,1,1703.036198
29,3,RC,CE,1,1986.905658
29,1,RC,NonCE,1,1536.243489
29,1,RC,NonCE,0,1552.85505
29,3,RC,CE,1,2087.101244
29,2,NonRC,NonCE,0,1051.252267
29,4,NonRC,CE,1,2286.886427
29,4,NonRC,CE,0,2837.456027
29,1,RC,NonCE,0,1736.4473
29,4,NonRC,CE,0,2387.406342
29,3,RC,CE,0,1969.974097
29,3,RC,CE,0,0
29,3,RC,CE,1,1752.967344
29,2,NonRC,NonCE,1,2587.95396
29,4,NonRC,CE,0,1002.316368
29,2,NonRC,NonCE,0,2220.570967
29,4,NonRC,CE,0,2403.818482
29,1,RC,NonCE,1,1701.982207
29,4,NonRC,CE,0,901.9754673
29,2,NonRC,NonCE,1,1386.084602
29,3,RC,CE,1,3054.401254
29,2,NonRC,NonCE,0,1269.311465
29,2,NonRC,NonCE,1,1619.680655
29,2,NonRC,NonCE,0,1085.633882
29,3,RC,CE,1,2270.259098
29,4,NonRC,CE,1,2170.333734
29,2,NonRC,NonCE,1,1452.744488
29,2,NonRC,NonCE,1,1319.372775
29,4,NonRC,CE,0,0
29,1,RC,NonCE,1,1319.280949
29,4,NonRC,CE,1,2069.919249
29,3,RC,CE,1,1486.141677
29,3,RC,CE,1,2736.21387
29,3,RC,CE,1,3071.005394
29,2,NonRC,NonCE,1,1653.027757
29,4,NonRC,CE,1,1803.092963
29,4,NonRC,CE,0,1920.049135
29,3,RC,CE,0,2353.875588
29,3,RC,CE,1,2003.402204
29,1,RC,NonCE,1,2086.795466
29,2,NonRC,NonCE,1,1686.33343
29,1,RC,NonCE,1,969.4923964
29,4,NonRC,CE,1,1119.165563
29,3,RC,CE,1,3570.475152
29,1,RC,NonCE,1,902.4843756
29,3,RC,CE,0,1769.734422
29,1,RC,NonCE,1,2437.032328
29,3,RC,CE,1,3671.879319
29,1,RC,NonCE,1,1184.775477
29,1,RC,NonCE,1,2136.921086
29,3,RC,CE,1,2587.47937
29,2,NonRC,NonCE,1,1835.424104
29,1,RC,NonCE,0,3187.795227
29,3,RC,CE,1,1069.35036
29,1,RC,NonCE,1,1169.094545
29,3,RC,CE,1,2336.753882
29,1,RC,NonCE,1,1352.712148
29,1,RC,NonCE,1,2070.065181
29,2,NonRC,NonCE,1,1518.413146
29,1,RC,NonCE,0,2352.509326
29,2,NonRC,NonCE,1,1536.207316
29,1,RC,NonCE,1,1719.889846
29,4,NonRC,CE,1,1202.441647
29,4,NonRC,CE,1,1819.796968
29,4,NonRC,CE,0,2787.448205
29,2,NonRC,NonCE,1,1602.982525
29,1,RC,NonCE,1,1669.780304
29,2,NonRC,NonCE,1,1419.502507
29,2,NonRC,NonCE,1,1653.517497
29,3,RC,CE,1,1753.141412
29,3,RC,CE,0,0
29,1,RC,NonCE,1,1753.127499
29,3,RC,CE,1,2185.82483
29,3,RC,CE,1,2703.987851
29,2,NonRC,NonCE,1,1119.142684
29,1,RC,NonCE,1,2220.215102
29,2,NonRC,NonCE,1,2070.271403
29,1,RC,NonCE,1,1235.852131
29,3,RC,CE,1,1903.318849
29,4,NonRC,CE,1,1102.278524
29,4,NonRC,CE,0,1002.288542
29,4,NonRC,CE,1,2520.510615
29,3,RC,CE,1,2420.465289
29,2,NonRC,NonCE,1,918.8869314
29,4,NonRC,CE,1,934.3062985
29,4,NonRC,CE,0,1886.538168
29,4,NonRC,CE,1,1852.210969
29,3,RC,CE,1,1652.973033
29,4,NonRC,CE,0,1786.400089
29,1,RC,NonCE,1,1769.593127
29,3,RC,CE,0,1402.702965
29,1,RC,NonCE,1,1686.360019
29,3,RC,CE,0,0
29,2,NonRC,NonCE,1,918.9425836
29,1,RC,NonCE,0,1886.548062
29,2,NonRC,NonCE,1,1585.289456
29,1,RC,NonCE,1,1018.995948
29,1,RC,NonCE,1,1269.217475
29,2,NonRC,NonCE,1,902.2812451
29,2,NonRC,NonCE,1,1919.839202
29,4,NonRC,CE,1,1486.201039
29,2,NonRC,NonCE,1,1319.237664
29,2,NonRC,NonCE,1,1102.515665
29,4,NonRC,CE,0,1903.255468
29,4,NonRC,CE,1,1953.318633
29,3,RC,CE,1,1069.14321
29,3,RC,CE,1,1702.560063
29,1,RC,NonCE,1,935.6020671
29,4,NonRC,CE,1,2002.312349
29,1,RC,NonCE,1,1519.480122
29,3,RC,CE,1,1986.626469
29,1,RC,NonCE,1,902.1983852
29,2,NonRC,NonCE,1,2236.89901
29,4,NonRC,CE,1,2820.767172
29,3,RC,CE,1,1686.398976
29,2,NonRC,NonCE,1,1186.450918
29,1,RC,NonCE,1,1319.156041
29,3,RC,CE,0,2353.771704
29,3,RC,CE,1,1402.728627
29,1,RC,NonCE,1,1636.551926
29,2,NonRC,NonCE,1,1418.342468
29,4,NonRC,CE,1,1669.82297
29,2,NonRC,NonCE,0,2687.282918
29,1,RC,NonCE,1,1252.643324
29,2,NonRC,NonCE,1,1702.987657
29,2,NonRC,NonCE,1,1034.638233
29,3,RC,CE,1,1569.552253
29,2,NonRC,NonCE,1,1819.708543
29,4,NonRC,CE,0,1168.120323
29,1,RC,NonCE,1,767.7516577
29,1,RC,NonCE,1,1234.996015
29,2,NonRC,NonCE,1,1686.336521
29,1,RC,NonCE,1,1719.645285
29,2,NonRC,NonCE,1,885.5939356
29,4,NonRC,CE,1,902.2868104
29,4,NonRC,CE,0,1402.862192
29,1,RC,NonCE,1,1886.553318
29,4,NonRC,CE,1,968.8941353
29,1,RC,NonCE,1,1953.407367
29,2,NonRC,NonCE,1,2670.793483
29,2,NonRC,NonCE,1,1552.948113
29,3,RC,CE,1,1252.525527
29,3,RC,CE,0,1619.600887
29,4,NonRC,CE,1,1235.98786
29,2,NonRC,NonCE,1,1736.427513
29,4,NonRC,CE,0,2453.714073
29,4,NonRC,CE,1,2003.367885
29,4,NonRC,CE,1,1085.786925
29,3,RC,CE,1,1918.933927
29,3,RC,CE,0,2086.951293
29,4,NonRC,CE,1,1052.453118
29,1,RC,NonCE,1,2136.727849
29,1,RC,NonCE,0,1402.834675
29,4,NonRC,CE,1,2170.205734
31,3,RC,CE,0,2803.743972
31,1,RC,NonCE,0,2536.389135
31,4,NonRC,CE,0,2153.474306
31,3,RC,CE,0,3053.770253
31,2,NonRC,NonCE,1,2069.738731
31,2,NonRC,NonCE,1,1434.906374
31,2,NonRC,NonCE,1,1636.19089
31,3,RC,CE,1,3254.614806
31,1,RC,NonCE,1,2937.667343
31,3,RC,CE,0,3655.351023
31,3,RC,CE,1,1953.883783
31,1,RC,NonCE,1,1753.0618
31,2,NonRC,NonCE,1,2136.952088
31,2,NonRC,NonCE,1,1652.956432
31,1,RC,NonCE,0,2136.410098
31,4,NonRC,CE,1,2704.4839
31,2,NonRC,NonCE,0,2470.513905
31,1,RC,NonCE,1,1269.199708
31,4,NonRC,CE,1,3303.37203
31,3,RC,CE,0,0
31,2,NonRC,NonCE,1,1786.501986
31,1,RC,NonCE,1,1436.066723
31,4,NonRC,CE,1,2754.164332
31,4,NonRC,CE,1,3037.431687
31,1,RC,NonCE,1,2503.642438
31,3,RC,CE,1,2552.785518
31,1,RC,NonCE,0,3638.271665
31,4,NonRC,CE,0,2920.612409
31,3,RC,CE,0,2070.046983
31,2,NonRC,NonCE,1,1685.276152
31,3,RC,CE,0,1653.125553
31,2,NonRC,NonCE,1,1953.306546
31,3,RC,CE,1,2720.5912
31,1,RC,NonCE,1,2453.792267
31,2,NonRC,NonCE,1,2086.436873
31,2,NonRC,NonCE,1,1368.492245
31,4,NonRC,CE,0,2387.211489
31,3,RC,CE,1,2871.029678
31,4,NonRC,CE,0,1636.86119
31,3,RC,CE,1,1635.869962
31,3,RC,CE,0,2621.195397
31,3,RC,CE,0,2086.875288
31,4,NonRC,CE,1,2253.14466
31,1,RC,NonCE,1,3221.647355
31,3,RC,CE,1,1051.618058
31,1,RC,NonCE,0,1803.099953
31,4,NonRC,CE,1,1736.304296
31,2,NonRC,NonCE,1,3171.559115
31,3,RC,CE,1,3004.296352
31,3,RC,CE,0,0
31,4,NonRC,CE,1,1886.468223
31,2,NonRC,NonCE,1,1719.847933
31,4,NonRC,CE,1,2170.132873
31,1,RC,NonCE,1,2136.784204
31,1,RC,NonCE,1,1903.272413
31,1,RC,NonCE,1,1385.555218
31,3,RC,CE,1,1486.044586
31,4,NonRC,CE,0,0
31,2,NonRC,NonCE,1,1953.054256
31,2,NonRC,NonCE,1,951.2381381
31,3,RC,CE,1,2520.586377
31,2,NonRC,NonCE,1,1452.747241
31,4,NonRC,CE,1,1686.353332
31,1,RC,NonCE,0,2203.717754
31,3,RC,CE,1,2636.931064
31,1,RC,NonCE,0,3955.329505
31,1,RC,NonCE,0,0
31,3,RC,CE,1,2203.624382
31,3,RC,CE,0,1736.143214
31,4,NonRC,CE,1,1752.164871
31,2,NonRC,NonCE,1,1420.031772
31,1,RC,NonCE,1,1768.887747
31,2,NonRC,NonCE,1,1035.644632
31,4,NonRC,CE,1,1902.967253
31,1,RC,NonCE,1,3471.475452
31,4,NonRC,CE,1,2086.865394
31,1,RC,NonCE,1,1636.299102
31,1,RC,NonCE,0,2437.169874
31,3,RC,CE,1,1035.793966
31,2,NonRC,NonCE,1,1085.08947
31,2,NonRC,NonCE,1,851.8970604
31,3,RC,CE,1,1535.910835
31,4,NonRC,CE,1,1953.083937
31,2,NonRC,NonCE,1,2036.779319
31,4,NonRC,CE,1,1152.67848
31,1,RC,NonCE,1,1086.29465
31,4,NonRC,CE,1,1436.1131
31,2,NonRC,NonCE,1,2003.396022
31,2,NonRC,NonCE,1,1285.963086
31,3,RC,CE,1,2587.299482
31,1,RC,NonCE,1,1269.2668
31,4,NonRC,CE,1,1936.537294
31,4,NonRC,CE,1,2036.313077
31,4,NonRC,CE,1,1903.271794
31,1,RC,NonCE,1,2419.90068
31,4,NonRC,CE,1,1302.78459
31,3,RC,CE,1,2103.380502
31,2,NonRC,NonCE,1,1185.854626
31,1,RC,NonCE,1,2017.981234
31,1,RC,NonCE,1,1969.883798
31,1,RC,NonCE,1,2487.062403
31,2,NonRC,NonCE,1,1269.262781
31,2,NonRC,NonCE,1,2770.894319
31,3,RC,CE,0,0
31,3,RC,CE,1,2070.10078
31,3,RC,CE,1,2036.616691
31,2,NonRC,NonCE,1,1019.089641
31,2,NonRC,NonCE,1,1251.640504
31,4,NonRC,CE,1,1936.719091
31,4,NonRC,CE,1,1836.733375
31,3,RC,CE,1,2253.677685
31,4,NonRC,CE,1,1819.793147
31,1,RC,NonCE,1,1419.407848
31,2,NonRC,NonCE,1,1552.864358
31,2,NonRC,NonCE,1,1018.997196
31,1,RC,NonCE,1,2136.883141
31,1,RC,NonCE,0,0
31,1,RC,NonCE,1,1202.552149
31,2,NonRC,NonCE,1,1352.742047
31,4,NonRC,CE,1,1052.530135
31,4,NonRC,CE,1,1302.626909
31,4,NonRC,CE,1,2037.465697
31,1,RC,NonCE,1,2270.402415
31,4,NonRC,CE,1,1835.074011
31,4,NonRC,CE,0,1102.493776
31,3,RC,CE,1,1968.766734
31,4,NonRC,CE,0,1702.956246
31,1,RC,NonCE,1,1068.435541
31,2,NonRC,NonCE,1,1418.45774
31,2,NonRC,NonCE,1,1152.471948
31,4,NonRC,CE,1,2053.603605
31,1,RC,NonCE,1,2604.103053
31,2,NonRC,NonCE,1,1586.172524
31,1,RC,NonCE,1,1552.911663
31,4,NonRC,CE,1,1853.135013
31,3,RC,CE,1,1718.761787
31,3,RC,CE,1,1986.101166
31,2,NonRC,NonCE,1,1386.039701
31,3,RC,CE,0,0
31,4,NonRC,CE,1,1219.2203
31,1,RC,NonCE,1,1570.079447
31,3,RC,CE,1,2369.383918
31,4,NonRC,CE,1,1119.120806
31,3,RC,CE,1,1853.24941
31,3,RC,CE,1,2186.876772
31,1,RC,NonCE,1,985.6182281
31,2,NonRC,NonCE,1,1419.387442
31,2,NonRC,NonCE,1,1369.498313
31,2,NonRC,NonCE,1,1386.109576
31,3,RC,CE,1,1986.676239
31,1,RC,NonCE,1,2370.452131
31,1,RC,NonCE,1,1886.57891
31,4,NonRC,CE,1,2637.322485
31,2,NonRC,NonCE,1,802.0886281
31,3,RC,CE,0,0
31,3,RC,CE,0,0
31,4,NonRC,CE,1,1819.881572
31,1,RC,NonCE,0,0
31,2,NonRC,NonCE,1,1335.916215
31,4,NonRC,CE,1,1301.517575
32,1,RC,NonCE,1,2402.803448
32,3,RC,CE,0,1118.424462
32,2,NonRC,NonCE,0,1503.169083
32,1,RC,NonCE,1,1669.417946
32,2,NonRC,NonCE,1,1302.394528
32,1,RC,NonCE,1,1351.932089
32,2,NonRC,NonCE,1,1469.906387
32,3,RC,CE,0,1752.575305
32,1,RC,NonCE,0,1186.023632
32,3,RC,CE,1,1102.113114
32,3,RC,CE,0,1853.510138
32,3,RC,CE,1,1201.621086
32,2,NonRC,NonCE,1,1953.183213
32,2,NonRC,NonCE,1,1452.127676
32,1,RC,NonCE,1,2304.136442
32,3,RC,CE,0,1286.076997
32,3,RC,CE,0,1519.493107
32,1,RC,NonCE,1,1418.1044
32,1,RC,NonCE,1,1636.31324
32,1,RC,NonCE,0,2353.620515
32,4,NonRC,CE,1,2119.493602
32,3,RC,CE,0,1234.969734
32,2,NonRC,NonCE,1,1452.85672
32,3,RC,CE,1,1570.121142
32,3,RC,CE,0,1502.60916
32,1,RC,NonCE,0,2020.643253
32,1,RC,NonCE,1,1434.935477
32,4,NonRC,CE,0,1636.037144
32,1,RC,NonCE,0,1836.968143
32,2,NonRC,NonCE,1,1369.456655
32,3,RC,CE,1,2003.515982
32,2,NonRC,NonCE,0,1319.598785
32,2,NonRC,NonCE,1,1135.328196
32,1,RC,NonCE,1,1853.524979
32,1,RC,NonCE,1,2954.401996
32,3,RC,CE,1,1302.712364
32,4,NonRC,CE,0,2187.388657
32,2,NonRC,NonCE,1,1486.484556
32,4,NonRC,CE,1,1285.987026
32,4,NonRC,CE,1,1970.160223
32,2,NonRC,NonCE,0,1919.912787
32,1,RC,NonCE,0,1819.092041
32,2,NonRC,NonCE,0,1302.608789
32,3,RC,CE,0,1386.314632
32,4,NonRC,CE,0,1619.839264
32,4,NonRC,CE,1,1436.014202
32,2,NonRC,NonCE,1,1201.526478
32,3,RC,CE,0,2787.413886
32,1,RC,NonCE,1,1986.671609
32,1,RC,NonCE,0,1969.94658
32,1,RC,NonCE,0,1369.885177
32,4,NonRC,CE,0,1269.158421
32,2,NonRC,NonCE,0,1368.082665
32,2,NonRC,NonCE,1,1720.225614
32,3,RC,CE,0,1052.023977
32,3,RC,CE,0,1069.402611
32,2,NonRC,NonCE,1,1069.541432
32,1,RC,NonCE,1,1903.363371
32,2,NonRC,NonCE,1,1184.804849
32,3,RC,CE,1,1636.828641
32,4,NonRC,CE,1,2286.995567
32,4,NonRC,CE,1,1953.203
32,4,NonRC,CE,0,1653.580878
32,3,RC,CE,0,2654.112666
32,1,RC,NonCE,1,1034.634523
32,3,RC,CE,1,2220.247875
32,4,NonRC,CE,1,1536.220301
32,3,RC,CE,0,3038.009828
32,4,NonRC,CE,1,1519.480122
32,1,RC,NonCE,0,1718.939121
32,3,RC,CE,0,1452.531464
32,2,NonRC,NonCE,1,1686.425256
32,3,RC,CE,1,1886.511578
32,1,RC,NonCE,1,952.3512123
32,3,RC,CE,1,1184.797429
32,2,NonRC,NonCE,1,2019.982538
32,4,NonRC,CE,1,1268.157919
32,2,NonRC,NonCE,1,2553.975514
32,3,RC,CE,1,1886.046264
32,4,NonRC,CE,0,1736.444518
32,4,NonRC,CE,1,1453.18414
32,4,NonRC,CE,0,1553.441253
32,4,NonRC,CE,1,2170.18842
32,1,RC,NonCE,1,1786.667219
32,2,NonRC,NonCE,1,1369.281351
32,2,NonRC,NonCE,1,1468.718522
32,2,NonRC,NonCE,0,1386.405839
32,2,NonRC,NonCE,1,1969.371198
32,3,RC,CE,0,1853.552805
32,3,RC,CE,1,1452.189203
32,2,NonRC,NonCE,0,2236.606527
32,4,NonRC,CE,1,1369.501177
32,1,RC,NonCE,0,1786.40349
32,1,RC,NonCE,1,1234.981792
32,2,NonRC,NonCE,1,1069.002224
32,2,NonRC,NonCE,1,1453.311213
32,2,NonRC,NonCE,1,1535.502697
32,4,NonRC,CE,1,1686.691459
32,4,NonRC,CE,1,1052.889678
32,3,RC,CE,1,1319.117703
32,4,NonRC,CE,0,1219.130503
32,3,RC,CE,1,2153.710115
32,1,RC,NonCE,1,2203.373821
32,2,NonRC,NonCE,1,1334.987234
32,4,NonRC,CE,0,2253.834591
32,2,NonRC,NonCE,1,2120.083206
32,2,NonRC,NonCE,1,2369.450472
32,4,NonRC,CE,1,1736.279107
32,4,NonRC,CE,0,1870.305042
32,4,NonRC,CE,1,2354.239491
32,2,NonRC,NonCE,1,1769.930132
32,1,RC,NonCE,1,1702.731657
32,2,NonRC,NonCE,1,1169.330448
32,3,RC,CE,0,2486.471571
32,1,RC,NonCE,1,2303.587031
32,2,NonRC,NonCE,1,1887.127772
32,4,NonRC,CE,1,1753.39061
32,3,RC,CE,1,2519.62389
32,3,RC,CE,1,2287.193751
32,1,RC,NonCE,1,1803.343398
32,1,RC,NonCE,1,1635.269143
32,2,NonRC,NonCE,1,1385.304235
32,4,NonRC,CE,1,2068.952137
32,3,RC,CE,1,1118.639959
32,2,NonRC,NonCE,1,1853.339781
32,2,NonRC,NonCE,1,2454.242768
32,2,NonRC,NonCE,1,1603.039414
32,4,NonRC,CE,1,1336.035659
32,1,RC,NonCE,1,1318.432562
32,1,RC,NonCE,1,1535.768282
32,1,RC,NonCE,1,1052.392519
32,4,NonRC,CE,0,1536.123528
32,2,NonRC,NonCE,1,1920.234333
32,4,NonRC,CE,1,1419.84013
32,4,NonRC,CE,1,1819.241683
32,1,RC,NonCE,1,1469.666464
32,3,RC,CE,0,2186.257062
32,1,RC,NonCE,1,1803.662162
32,3,RC,CE,1,1786.865403
32,1,RC,NonCE,1,1252.567885
32,1,RC,NonCE,1,1535.201557
32,2,NonRC,NonCE,1,1502.449933
32,4,NonRC,CE,1,2053.966239
32,4,NonRC,CE,1,1434.746569
32,4,NonRC,CE,1,1519.892257
32,1,RC,NonCE,1,1102.387974
32,1,RC,NonCE,1,1169.704555
32,4,NonRC,CE,1,1753.061025
32,3,RC,CE,1,1836.858694
32,4,NonRC,CE,1,1502.915247
32,3,RC,CE,1,2353.718216
32,3,RC,CE,0,1502.79003
32,4,NonRC,CE,1,2587.629631
32,4,NonRC,CE,1,1385.869105
32,1,RC,NonCE,1,1452.847135
32,3,RC,CE,0,1585.981399
32,3,RC,CE,1,1619.588829
32,3,RC,CE,0,1602.874312
32,4,NonRC,CE,0,1736.468015
32,1,RC,NonCE,0,1452.919483
